{"v":"5.4.2","fr":25,"ip":0,"op":75,"w":1080,"h":1080,"nm":"coffee_cup","ddd":0,"assets":[],"layers":[{"ddd":0,"ind":1,"ty":4,"nm":"mask Outlines","sr":1,"ks":{"o":{"a":0,"k":100,"ix":11},"r":{"a":0,"k":0,"ix":10},"p":{"a":0,"k":[500,540,0],"ix":2},"a":{"a":0,"k":[540,540,0],"ix":1},"s":{"a":0,"k":[100,100,100],"ix":6}},"ao":0,"shapes":[{"ty":"gr","it":[{"ind":0,"ty":"sh","ix":1,"ks":{"a":0,"k":{"i":[[18.491,0],[0,-18.491],[-18.491,0],[0,18.477]],"o":[[-18.491,0],[0,18.477],[18.491,0],[0,-18.491]],"v":[[-160.315,-94.119],[-193.851,-60.584],[-160.315,-27.076],[-126.78,-60.584]],"c":true},"ix":2},"nm":"Path 1","mn":"ADBE Vector Shape - Group","hd":false},{"ind":1,"ty":"sh","ix":2,"ks":{"a":0,"k":{"i":[[23.497,0],[0,23.484],[-23.497,0],[0,-23.497]],"o":[[-23.497,0],[0,-23.497],[23.497,0],[0,23.484]],"v":[[-160.315,-17.997],[-202.929,-60.584],[-160.315,-103.198],[-117.702,-60.584]],"c":true},"ix":2},"nm":"Path 2","mn":"ADBE Vector Shape - Group","hd":false},{"ind":2,"ty":"sh","ix":3,"ks":{"a":0,"k":{"i":[[87.042,0],[0,0],[7.573,80.754],[16.522,0],[0,45.539],[-45.54,0],[-13.464,-8.846],[0,0],[-2.507,0],[0,-2.507],[0,0],[1.597,-0.748],[1.352,1.133],[2.154,1.454],[14.654,0],[0,-40.549],[-40.533,0],[-12.165,8.296],[-1.916,1.594],[-1.579,-0.698],[-0.072,-1.727],[-80.063,0],[0,0],[0,82.037],[0,0],[-2.507,0],[0,-2.507],[0,0]],"o":[[0,0],[-82.107,0],[-13.585,9.16],[-45.54,0],[0,-45.554],[16.19,0],[0,0],[0,-2.507],[2.507,0],[0,0],[0,1.765],[-1.596,0.746],[-1.836,-1.538],[-12.105,-8.124],[-40.533,0],[0,40.535],[14.836,0],[1.938,-1.31],[1.326,-1.101],[1.578,0.702],[3.288,79.947],[0,0],[82.036,0],[0,0],[0,-2.507],[2.507,0],[0,0],[0,87.042]],"v":[[85.048,150.831],[42.84,150.831],[-114.305,8.003],[-160.315,22.006],[-242.904,-60.584],[-160.315,-143.201],[-115.016,-129.685],[-115.016,-146.292],[-110.477,-150.831],[-105.938,-146.292],[-105.938,-120.672],[-108.556,-116.557],[-113.392,-117.193],[-119.407,-121.701],[-160.315,-134.122],[-233.825,-60.584],[-160.315,12.927],[-119.041,0.244],[-113.241,-4.127],[-108.496,-4.784],[-105.802,-0.822],[42.84,141.753],[85.048,141.753],[233.825,-7.026],[233.825,-146.292],[238.365,-150.831],[242.904,-146.292],[242.904,-7.026]],"c":true},"ix":2},"nm":"Path 3","mn":"ADBE Vector Shape - Group","hd":false},{"ty":"mm","mm":1,"nm":"Merge Paths 1","mn":"ADBE Vector Filter - Merge","hd":false},{"ty":"fl","c":{"a":0,"k":[0.026189183254,0.021800867716,0.023204979242,1],"ix":4},"o":{"a":0,"k":100,"ix":5},"r":1,"nm":"Fill 1","mn":"ADBE Vector Graphic - Fill","hd":false},{"ty":"tr","p":{"a":0,"k":[534.468,583.563],"ix":2},"a":{"a":0,"k":[0,0],"ix":1},"s":{"a":0,"k":[100,100],"ix":3},"r":{"a":0,"k":0,"ix":6},"o":{"a":0,"k":100,"ix":7},"sk":{"a":0,"k":0,"ix":4},"sa":{"a":0,"k":0,"ix":5},"nm":"Transform"}],"nm":"Group 1","np":7,"cix":2,"ix":1,"mn":"ADBE Vector Group","hd":false},{"ty":"gr","it":[{"ind":0,"ty":"sh","ix":1,"ks":{"a":0,"k":{"i":[[84.535,0],[0,36.843],[-2.507,0],[0,-2.506],[-76.795,0],[0,30.692],[-2.507,0],[0,-2.506]],"o":[[-84.534,0],[0,-2.506],[2.507,0],[0,30.692],[76.796,0],[0,-2.506],[2.507,0],[0,36.843]],"v":[[0,35.12],[-150.754,-30.581],[-146.215,-35.12],[-141.674,-30.581],[0,26.042],[141.674,-30.581],[146.214,-35.12],[150.753,-30.581]],"c":true},"ix":2},"nm":"Path 1","mn":"ADBE Vector Shape - Group","hd":false},{"ty":"fl","c":{"a":0,"k":[0.026189183254,0.021800867716,0.023204979242,1],"ix":4},"o":{"a":0,"k":100,"ix":5},"r":1,"nm":"Fill 1","mn":"ADBE Vector Graphic - Fill","hd":false},{"ty":"tr","p":{"a":0,"k":[598.413,467.025],"ix":2},"a":{"a":0,"k":[0,0],"ix":1},"s":{"a":0,"k":[100,100],"ix":3},"r":{"a":0,"k":0,"ix":6},"o":{"a":0,"k":100,"ix":7},"sk":{"a":0,"k":0,"ix":4},"sa":{"a":0,"k":0,"ix":5},"nm":"Transform"}],"nm":"Group 2","np":4,"cix":2,"ix":2,"mn":"ADBE Vector Group","hd":false},{"ty":"gr","it":[{"ind":0,"ty":"sh","ix":1,"ks":{"a":0,"k":{"i":[[0,0],[96.317,0],[0,46.162],[0,0],[-23.224,-11.469],[-41.393,0],[-28.653,14.149],[0,12.739]],"o":[[0,46.162],[-96.343,0],[0,0],[0,12.741],[28.65,14.149],[41.383,0],[23.23,-11.472],[0,0]],"v":[[174.421,-41.802],[0,41.802],[-174.42,-41.802],[-146.214,-41.802],[-109.125,-3.138],[1.086,19.126],[111.289,-3.138],[148.388,-41.802]],"c":true},"ix":2},"nm":"Path 1","mn":"ADBE Vector Shape - Group","hd":false},{"ty":"fl","c":{"a":0,"k":[0.999999820485,0.999999760646,0.999999820485,1],"ix":4},"o":{"a":0,"k":100,"ix":5},"r":1,"nm":"Fill 1","mn":"ADBE Vector Graphic - Fill","hd":false},{"ty":"tr","p":{"a":0,"k":[598.412,479.198],"ix":2},"a":{"a":0,"k":[0,0],"ix":1},"s":{"a":0,"k":[100,100],"ix":3},"r":{"a":0,"k":0,"ix":6},"o":{"a":0,"k":100,"ix":7},"sk":{"a":0,"k":0,"ix":4},"sa":{"a":0,"k":0,"ix":5},"nm":"Transform"}],"nm":"Group 3","np":4,"cix":2,"ix":3,"mn":"ADBE Vector Group","hd":false}],"ip":0,"op":125,"st":0,"bm":0},{"ddd":0,"ind":2,"ty":4,"nm":"biscuit Outlines","sr":1,"ks":{"o":{"a":0,"k":100,"ix":11},"r":{"a":1,"k":[{"i":{"x":[0.667],"y":[1]},"o":{"x":[0.333],"y":[0]},"n":["0p667_1_0p333_0"],"t":0,"s":[0],"e":[5]},{"i":{"x":[0.667],"y":[1]},"o":{"x":[0.333],"y":[0]},"n":["0p667_1_0p333_0"],"t":37,"s":[5],"e":[0]},{"t":75}],"ix":10},"p":{"a":1,"k":[{"i":{"x":0.667,"y":1},"o":{"x":0.333,"y":0},"n":"0p667_1_0p333_0","t":0,"s":[595,511,0],"e":[595,501,0],"to":[0,-1.66666662693024,0],"ti":[0,0,0]},{"i":{"x":0.667,"y":1},"o":{"x":0.333,"y":0},"n":"0p667_1_0p333_0","t":37,"s":[595,501,0],"e":[595,511,0],"to":[0,0,0],"ti":[0,-1.66666662693024,0]},{"t":75}],"ix":2},"a":{"a":0,"k":[635,495,0],"ix":1},"s":{"a":0,"k":[100,100,100],"ix":6}},"ao":0,"shapes":[{"ty":"gr","it":[{"ind":0,"ty":"sh","ix":1,"ks":{"a":0,"k":{"i":[[0,3.881],[-3.686,0.675],[0.489,0],[0,-4.371],[-4.37,0],[-0.464,0.085]],"o":[[0,-3.881],[-0.464,-0.084],[-4.37,0],[0,4.37],[0.489,0],[-3.686,-0.674]],"v":[[-1.815,0],[4.67,-7.77],[3.242,-7.913],[-4.671,0],[3.242,7.913],[4.67,7.77]],"c":true},"ix":2},"nm":"Path 1","mn":"ADBE Vector Shape - Group","hd":false},{"ty":"fl","c":{"a":0,"k":[0.733102416992,0.534571090399,0.096822978001,1],"ix":4},"o":{"a":0,"k":100,"ix":5},"r":1,"nm":"Fill 1","mn":"ADBE Vector Graphic - Fill","hd":false},{"ty":"tr","p":{"a":0,"k":[604.288,459.098],"ix":2},"a":{"a":0,"k":[0,0],"ix":1},"s":{"a":0,"k":[100,100],"ix":3},"r":{"a":0,"k":0,"ix":6},"o":{"a":0,"k":100,"ix":7},"sk":{"a":0,"k":0,"ix":4},"sa":{"a":0,"k":0,"ix":5},"nm":"Transform"}],"nm":"Group 1","np":4,"cix":2,"ix":1,"mn":"ADBE Vector Group","hd":false},{"ty":"gr","it":[{"ind":0,"ty":"sh","ix":1,"ks":{"a":0,"k":{"i":[[0,-4.371],[4.37,0],[0,4.371],[-4.37,0]],"o":[[0,4.371],[-4.37,0],[0,-4.371],[4.37,0]],"v":[[7.913,-0.001],[0,7.913],[-7.913,-0.001],[0,-7.913]],"c":true},"ix":2},"nm":"Path 1","mn":"ADBE Vector Shape - Group","hd":false},{"ty":"fl","c":{"a":0,"k":[0.791863295611,0.605009131338,0.10490694981,1],"ix":4},"o":{"a":0,"k":100,"ix":5},"r":1,"nm":"Fill 1","mn":"ADBE Vector Graphic - Fill","hd":false},{"ty":"tr","p":{"a":0,"k":[607.53,459.099],"ix":2},"a":{"a":0,"k":[0,0],"ix":1},"s":{"a":0,"k":[100,100],"ix":3},"r":{"a":0,"k":0,"ix":6},"o":{"a":0,"k":100,"ix":7},"sk":{"a":0,"k":0,"ix":4},"sa":{"a":0,"k":0,"ix":5},"nm":"Transform"}],"nm":"Group 2","np":4,"cix":2,"ix":2,"mn":"ADBE Vector Group","hd":false},{"ty":"gr","it":[{"ind":0,"ty":"sh","ix":1,"ks":{"a":0,"k":{"i":[[0,3.881],[-3.686,0.675],[0.489,0],[0,-4.371],[-4.37,0],[-0.464,0.085]],"o":[[0,-3.881],[-0.464,-0.084],[-4.37,0],[0,4.37],[0.489,0],[-3.686,-0.674]],"v":[[-1.815,0],[4.67,-7.77],[3.242,-7.913],[-4.671,0],[3.242,7.913],[4.67,7.77]],"c":true},"ix":2},"nm":"Path 1","mn":"ADBE Vector Shape - Group","hd":false},{"ty":"fl","c":{"a":0,"k":[0.733102416992,0.534571090399,0.096822978001,1],"ix":4},"o":{"a":0,"k":100,"ix":5},"r":1,"nm":"Fill 1","mn":"ADBE Vector Graphic - Fill","hd":false},{"ty":"tr","p":{"a":0,"k":[649.483,459.098],"ix":2},"a":{"a":0,"k":[0,0],"ix":1},"s":{"a":0,"k":[100,100],"ix":3},"r":{"a":0,"k":0,"ix":6},"o":{"a":0,"k":100,"ix":7},"sk":{"a":0,"k":0,"ix":4},"sa":{"a":0,"k":0,"ix":5},"nm":"Transform"}],"nm":"Group 3","np":4,"cix":2,"ix":3,"mn":"ADBE Vector Group","hd":false},{"ty":"gr","it":[{"ind":0,"ty":"sh","ix":1,"ks":{"a":0,"k":{"i":[[0,-4.371],[4.37,0],[0,4.371],[-4.371,0]],"o":[[0,4.371],[-4.371,0],[0,-4.371],[4.37,0]],"v":[[7.913,-0.001],[0,7.913],[-7.913,-0.001],[0,-7.913]],"c":true},"ix":2},"nm":"Path 1","mn":"ADBE Vector Shape - Group","hd":false},{"ty":"fl","c":{"a":0,"k":[0.791863295611,0.605009131338,0.10490694981,1],"ix":4},"o":{"a":0,"k":100,"ix":5},"r":1,"nm":"Fill 1","mn":"ADBE Vector Graphic - Fill","hd":false},{"ty":"tr","p":{"a":0,"k":[652.726,459.099],"ix":2},"a":{"a":0,"k":[0,0],"ix":1},"s":{"a":0,"k":[100,100],"ix":3},"r":{"a":0,"k":0,"ix":6},"o":{"a":0,"k":100,"ix":7},"sk":{"a":0,"k":0,"ix":4},"sa":{"a":0,"k":0,"ix":5},"nm":"Transform"}],"nm":"Group 4","np":4,"cix":2,"ix":4,"mn":"ADBE Vector Group","hd":false},{"ty":"gr","it":[{"ind":0,"ty":"sh","ix":1,"ks":{"a":0,"k":{"i":[[0,3.881],[-3.686,0.674],[0.489,0],[0,-4.371],[-4.37,0],[-0.464,0.085]],"o":[[0,-3.881],[-0.464,-0.085],[-4.37,0],[0,4.37],[0.489,0],[-3.686,-0.674]],"v":[[-1.815,0],[4.67,-7.769],[3.242,-7.913],[-4.671,0],[3.242,7.913],[4.67,7.77]],"c":true},"ix":2},"nm":"Path 1","mn":"ADBE Vector Shape - Group","hd":false},{"ty":"fl","c":{"a":0,"k":[0.733102416992,0.534571090399,0.096822978001,1],"ix":4},"o":{"a":0,"k":100,"ix":5},"r":1,"nm":"Fill 1","mn":"ADBE Vector Graphic - Fill","hd":false},{"ty":"tr","p":{"a":0,"k":[604.288,404.444],"ix":2},"a":{"a":0,"k":[0,0],"ix":1},"s":{"a":0,"k":[100,100],"ix":3},"r":{"a":0,"k":0,"ix":6},"o":{"a":0,"k":100,"ix":7},"sk":{"a":0,"k":0,"ix":4},"sa":{"a":0,"k":0,"ix":5},"nm":"Transform"}],"nm":"Group 5","np":4,"cix":2,"ix":5,"mn":"ADBE Vector Group","hd":false},{"ty":"gr","it":[{"ind":0,"ty":"sh","ix":1,"ks":{"a":0,"k":{"i":[[0,-4.371],[4.37,0],[0,4.371],[-4.37,0]],"o":[[0,4.371],[-4.37,0],[0,-4.371],[4.37,0]],"v":[[7.913,-0.001],[0,7.913],[-7.913,-0.001],[0,-7.913]],"c":true},"ix":2},"nm":"Path 1","mn":"ADBE Vector Shape - Group","hd":false},{"ty":"fl","c":{"a":0,"k":[0.791863295611,0.605009131338,0.10490694981,1],"ix":4},"o":{"a":0,"k":100,"ix":5},"r":1,"nm":"Fill 1","mn":"ADBE Vector Graphic - Fill","hd":false},{"ty":"tr","p":{"a":0,"k":[607.53,404.445],"ix":2},"a":{"a":0,"k":[0,0],"ix":1},"s":{"a":0,"k":[100,100],"ix":3},"r":{"a":0,"k":0,"ix":6},"o":{"a":0,"k":100,"ix":7},"sk":{"a":0,"k":0,"ix":4},"sa":{"a":0,"k":0,"ix":5},"nm":"Transform"}],"nm":"Group 6","np":4,"cix":2,"ix":6,"mn":"ADBE Vector Group","hd":false},{"ty":"gr","it":[{"ind":0,"ty":"sh","ix":1,"ks":{"a":0,"k":{"i":[[0,3.881],[-3.686,0.674],[0.489,0],[0,-4.371],[-4.37,0],[-0.464,0.085]],"o":[[0,-3.881],[-0.464,-0.085],[-4.37,0],[0,4.37],[0.489,0],[-3.686,-0.674]],"v":[[-1.815,0],[4.67,-7.769],[3.242,-7.913],[-4.671,0],[3.242,7.913],[4.67,7.77]],"c":true},"ix":2},"nm":"Path 1","mn":"ADBE Vector Shape - Group","hd":false},{"ty":"fl","c":{"a":0,"k":[0.733102416992,0.534571090399,0.096822978001,1],"ix":4},"o":{"a":0,"k":100,"ix":5},"r":1,"nm":"Fill 1","mn":"ADBE Vector Graphic - Fill","hd":false},{"ty":"tr","p":{"a":0,"k":[649.483,404.444],"ix":2},"a":{"a":0,"k":[0,0],"ix":1},"s":{"a":0,"k":[100,100],"ix":3},"r":{"a":0,"k":0,"ix":6},"o":{"a":0,"k":100,"ix":7},"sk":{"a":0,"k":0,"ix":4},"sa":{"a":0,"k":0,"ix":5},"nm":"Transform"}],"nm":"Group 7","np":4,"cix":2,"ix":7,"mn":"ADBE Vector Group","hd":false},{"ty":"gr","it":[{"ind":0,"ty":"sh","ix":1,"ks":{"a":0,"k":{"i":[[0,-4.371],[4.37,0],[0,4.371],[-4.371,0]],"o":[[0,4.371],[-4.371,0],[0,-4.371],[4.37,0]],"v":[[7.913,-0.001],[0,7.913],[-7.913,-0.001],[0,-7.913]],"c":true},"ix":2},"nm":"Path 1","mn":"ADBE Vector Shape - Group","hd":false},{"ty":"fl","c":{"a":0,"k":[0.791863295611,0.605009131338,0.10490694981,1],"ix":4},"o":{"a":0,"k":100,"ix":5},"r":1,"nm":"Fill 1","mn":"ADBE Vector Graphic - Fill","hd":false},{"ty":"tr","p":{"a":0,"k":[652.726,404.445],"ix":2},"a":{"a":0,"k":[0,0],"ix":1},"s":{"a":0,"k":[100,100],"ix":3},"r":{"a":0,"k":0,"ix":6},"o":{"a":0,"k":100,"ix":7},"sk":{"a":0,"k":0,"ix":4},"sa":{"a":0,"k":0,"ix":5},"nm":"Transform"}],"nm":"Group 8","np":4,"cix":2,"ix":8,"mn":"ADBE Vector Group","hd":false},{"ty":"gr","it":[{"ind":0,"ty":"sh","ix":1,"ks":{"a":0,"k":{"i":[[0,3.881],[-3.686,0.674],[0.489,0],[0,-4.37],[-4.37,0],[-0.464,0.084]],"o":[[0,-3.881],[-0.464,-0.085],[-4.37,0],[0,4.371],[0.489,0],[-3.686,-0.675]],"v":[[-1.815,-0.001],[4.67,-7.77],[3.242,-7.913],[-4.671,-0.001],[3.242,7.913],[4.67,7.77]],"c":true},"ix":2},"nm":"Path 1","mn":"ADBE Vector Shape - Group","hd":false},{"ty":"fl","c":{"a":0,"k":[0.733102416992,0.534571090399,0.096822978001,1],"ix":4},"o":{"a":0,"k":100,"ix":5},"r":1,"nm":"Fill 1","mn":"ADBE Vector Graphic - Fill","hd":false},{"ty":"tr","p":{"a":0,"k":[604.288,352.705],"ix":2},"a":{"a":0,"k":[0,0],"ix":1},"s":{"a":0,"k":[100,100],"ix":3},"r":{"a":0,"k":0,"ix":6},"o":{"a":0,"k":100,"ix":7},"sk":{"a":0,"k":0,"ix":4},"sa":{"a":0,"k":0,"ix":5},"nm":"Transform"}],"nm":"Group 9","np":4,"cix":2,"ix":9,"mn":"ADBE Vector Group","hd":false},{"ty":"gr","it":[{"ind":0,"ty":"sh","ix":1,"ks":{"a":0,"k":{"i":[[0,-4.37],[4.37,0],[0,4.371],[-4.37,0]],"o":[[0,4.371],[-4.37,0],[0,-4.37],[4.37,0]],"v":[[7.913,-0.001],[0,7.913],[-7.913,-0.001],[0,-7.913]],"c":true},"ix":2},"nm":"Path 1","mn":"ADBE Vector Shape - Group","hd":false},{"ty":"fl","c":{"a":0,"k":[0.791863295611,0.605009131338,0.10490694981,1],"ix":4},"o":{"a":0,"k":100,"ix":5},"r":1,"nm":"Fill 1","mn":"ADBE Vector Graphic - Fill","hd":false},{"ty":"tr","p":{"a":0,"k":[607.53,352.705],"ix":2},"a":{"a":0,"k":[0,0],"ix":1},"s":{"a":0,"k":[100,100],"ix":3},"r":{"a":0,"k":0,"ix":6},"o":{"a":0,"k":100,"ix":7},"sk":{"a":0,"k":0,"ix":4},"sa":{"a":0,"k":0,"ix":5},"nm":"Transform"}],"nm":"Group 10","np":4,"cix":2,"ix":10,"mn":"ADBE Vector Group","hd":false},{"ty":"gr","it":[{"ind":0,"ty":"sh","ix":1,"ks":{"a":0,"k":{"i":[[0,3.881],[-3.686,0.674],[0.489,0],[0,-4.37],[-4.37,0],[-0.464,0.084]],"o":[[0,-3.881],[-0.464,-0.085],[-4.37,0],[0,4.371],[0.489,0],[-3.686,-0.675]],"v":[[-1.815,-0.001],[4.67,-7.77],[3.242,-7.913],[-4.671,-0.001],[3.242,7.913],[4.67,7.77]],"c":true},"ix":2},"nm":"Path 1","mn":"ADBE Vector Shape - Group","hd":false},{"ty":"fl","c":{"a":0,"k":[0.733102416992,0.534571090399,0.096822978001,1],"ix":4},"o":{"a":0,"k":100,"ix":5},"r":1,"nm":"Fill 1","mn":"ADBE Vector Graphic - Fill","hd":false},{"ty":"tr","p":{"a":0,"k":[649.483,352.705],"ix":2},"a":{"a":0,"k":[0,0],"ix":1},"s":{"a":0,"k":[100,100],"ix":3},"r":{"a":0,"k":0,"ix":6},"o":{"a":0,"k":100,"ix":7},"sk":{"a":0,"k":0,"ix":4},"sa":{"a":0,"k":0,"ix":5},"nm":"Transform"}],"nm":"Group 11","np":4,"cix":2,"ix":11,"mn":"ADBE Vector Group","hd":false},{"ty":"gr","it":[{"ind":0,"ty":"sh","ix":1,"ks":{"a":0,"k":{"i":[[0,-4.37],[4.37,0],[0,4.371],[-4.371,0]],"o":[[0,4.371],[-4.371,0],[0,-4.37],[4.37,0]],"v":[[7.913,-0.001],[0,7.913],[-7.913,-0.001],[0,-7.913]],"c":true},"ix":2},"nm":"Path 1","mn":"ADBE Vector Shape - Group","hd":false},{"ty":"fl","c":{"a":0,"k":[0.791863295611,0.605009131338,0.10490694981,1],"ix":4},"o":{"a":0,"k":100,"ix":5},"r":1,"nm":"Fill 1","mn":"ADBE Vector Graphic - Fill","hd":false},{"ty":"tr","p":{"a":0,"k":[652.726,352.705],"ix":2},"a":{"a":0,"k":[0,0],"ix":1},"s":{"a":0,"k":[100,100],"ix":3},"r":{"a":0,"k":0,"ix":6},"o":{"a":0,"k":100,"ix":7},"sk":{"a":0,"k":0,"ix":4},"sa":{"a":0,"k":0,"ix":5},"nm":"Transform"}],"nm":"Group 12","np":4,"cix":2,"ix":12,"mn":"ADBE Vector Group","hd":false},{"ty":"gr","it":[{"ind":0,"ty":"sh","ix":1,"ks":{"a":0,"k":{"i":[[0,0],[-6.34,0],[-26.427,9.95],[0,0],[9.61,0],[0,0],[0,-9.612]],"o":[[6.152,0.324],[36.111,0],[0,0],[0,-9.612],[0,0],[-9.613,0],[0,0]],"v":[[-57.763,91.674],[-38.969,92.162],[57.764,76.75],[57.764,-74.73],[40.334,-92.161],[-40.331,-92.161],[-57.763,-74.73]],"c":true},"ix":2},"nm":"Path 1","mn":"ADBE Vector Shape - Group","hd":false},{"ind":1,"ty":"sh","ix":2,"ks":{"a":0,"k":{"i":[[38.55,0],[7.678,0.503],[0,0],[0,0],[-14.619,0],[0,0],[0,-14.617],[0,0],[0,0]],"o":[[-8.002,0],[0,0],[0,0],[0,-14.617],[0,0],[14.618,0],[0,0],[0,0],[-27.838,11.067]],"v":[[-38.969,101.24],[-62.599,100.483],[-66.842,100.203],[-66.842,-74.73],[-40.331,-101.24],[40.334,-101.24],[66.843,-74.73],[66.843,82.941],[63.98,84.078]],"c":true},"ix":2},"nm":"Path 2","mn":"ADBE Vector Shape - Group","hd":false},{"ty":"mm","mm":1,"nm":"Merge Paths 1","mn":"ADBE Vector Filter - Merge","hd":false},{"ty":"fl","c":{"a":0,"k":[0.026189183254,0.021800867716,0.023204979242,1],"ix":4},"o":{"a":0,"k":100,"ix":5},"r":1,"nm":"Fill 1","mn":"ADBE Vector Graphic - Fill","hd":false},{"ty":"tr","p":{"a":0,"k":[637.159,401.905],"ix":2},"a":{"a":0,"k":[0,0],"ix":1},"s":{"a":0,"k":[100,100],"ix":3},"r":{"a":0,"k":0,"ix":6},"o":{"a":0,"k":100,"ix":7},"sk":{"a":0,"k":0,"ix":4},"sa":{"a":0,"k":0,"ix":5},"nm":"Transform"}],"nm":"Group 13","np":6,"cix":2,"ix":13,"mn":"ADBE Vector Group","hd":false},{"ty":"gr","it":[{"ind":0,"ty":"sh","ix":1,"ks":{"a":0,"k":{"i":[[0,0],[-15.574,0],[-15.568,0],[-15.58,0],[-15.58,0],[0,0],[0,0],[0,0]],"o":[[15.574,0],[15.57,0],[15.58,0],[15.58,0],[0,0],[0,0],[0,0],[0,0]],"v":[[-62.303,-13.279],[-31.155,-4.143],[-0.017,-13.279],[31.143,-4.143],[62.303,-13.279],[62.303,-2.813],[2.499,11.568],[-62.303,13.279]],"c":true},"ix":2},"nm":"Path 1","mn":"ADBE Vector Shape - Group","hd":false},{"ty":"fl","c":{"a":0,"k":[0.709174601237,0.514851768344,0.089089958341,1],"ix":4},"o":{"a":0,"k":100,"ix":5},"r":1,"nm":"Fill 1","mn":"ADBE Vector Graphic - Fill","hd":false},{"ty":"tr","p":{"a":0,"k":[637.159,485.326],"ix":2},"a":{"a":0,"k":[0,0],"ix":1},"s":{"a":0,"k":[100,100],"ix":3},"r":{"a":0,"k":0,"ix":6},"o":{"a":0,"k":100,"ix":7},"sk":{"a":0,"k":0,"ix":4},"sa":{"a":0,"k":0,"ix":5},"nm":"Transform"}],"nm":"Group 14","np":4,"cix":2,"ix":14,"mn":"ADBE Vector Group","hd":false},{"ty":"gr","it":[{"ind":0,"ty":"sh","ix":1,"ks":{"a":0,"k":{"i":[[12.143,0],[0,0],[0,-12.571],[0,0],[-5.301,2.108],[0,0]],"o":[[0,0],[12.142,0],[0,0],[6.021,-1.759],[0,0],[0,-12.12]],"v":[[-2.474,-91.18],[-19.496,-91.18],[2.474,-68.392],[2.474,91.18],[19.497,85.38],[19.497,-69.208]],"c":true},"ix":2},"nm":"Path 1","mn":"ADBE Vector Shape - Group","hd":false},{"ty":"fl","c":{"a":0,"k":[0.791863295611,0.605009131338,0.10490694981,1],"ix":4},"o":{"a":0,"k":100,"ix":5},"r":1,"nm":"Fill 1","mn":"ADBE Vector Graphic - Fill","hd":false},{"ty":"tr","p":{"a":0,"k":[678.526,396.384],"ix":2},"a":{"a":0,"k":[0,0],"ix":1},"s":{"a":0,"k":[100,100],"ix":3},"r":{"a":0,"k":0,"ix":6},"o":{"a":0,"k":100,"ix":7},"sk":{"a":0,"k":0,"ix":4},"sa":{"a":0,"k":0,"ix":5},"nm":"Transform"}],"nm":"Group 15","np":4,"cix":2,"ix":15,"mn":"ADBE Vector Group","hd":false},{"ty":"gr","it":[{"ind":0,"ty":"sh","ix":1,"ks":{"a":0,"k":{"i":[[0,-12.12],[0,0],[39.334,0],[7.603,0.499],[0,0],[-12.12,0],[0,0]],"o":[[0,0],[-26.261,10.44],[-7.944,0],[0,0],[0,-12.12],[0,0],[12.143,0]],"v":[[62.303,-74.73],[62.303,79.86],[-38.971,96.7],[-62.303,95.952],[-62.303,-74.73],[-40.333,-96.7],[40.332,-96.7]],"c":true},"ix":2},"nm":"Path 1","mn":"ADBE Vector Shape - Group","hd":false},{"ty":"fl","c":{"a":0,"k":[0.888149785061,0.713501395431,0.135413764505,1],"ix":4},"o":{"a":0,"k":100,"ix":5},"r":1,"nm":"Fill 1","mn":"ADBE Vector Graphic - Fill","hd":false},{"ty":"tr","p":{"a":0,"k":[637.16,401.905],"ix":2},"a":{"a":0,"k":[0,0],"ix":1},"s":{"a":0,"k":[100,100],"ix":3},"r":{"a":0,"k":0,"ix":6},"o":{"a":0,"k":100,"ix":7},"sk":{"a":0,"k":0,"ix":4},"sa":{"a":0,"k":0,"ix":5},"nm":"Transform"}],"nm":"Group 16","np":4,"cix":2,"ix":16,"mn":"ADBE Vector Group","hd":false}],"ip":0,"op":125,"st":0,"bm":0},{"ddd":0,"ind":3,"ty":4,"nm":"cup Outlines","sr":1,"ks":{"o":{"a":0,"k":100,"ix":11},"r":{"a":0,"k":0,"ix":10},"p":{"a":0,"k":[500,540,0],"ix":2},"a":{"a":0,"k":[540,540,0],"ix":1},"s":{"a":0,"k":[100,100,100],"ix":6}},"ao":0,"shapes":[{"ty":"gr","it":[{"ind":0,"ty":"sh","ix":1,"ks":{"a":0,"k":{"i":[[2.507,0],[0,2.507],[31.284,14.973],[45.917,0],[0,-43.527],[2.507,0],[0,2.507],[-34.604,16.564],[-47.257,0],[-33.548,-16.057],[0,-24.137]],"o":[[-2.507,0],[0,-20.448],[-32.348,-15.483],[-93.673,0],[0,2.507],[-2.507,0],[0,-24.139],[33.544,-16.057],[47.246,0],[34.612,16.565],[0,2.507]],"v":[[174.421,46.278],[169.881,41.739],[121.368,-13.19],[0,-37.2],[-169.881,41.739],[-174.421,46.278],[-178.96,41.739],[-125.299,-21.379],[0,-46.278],[125.288,-21.379],[178.96,41.739]],"c":true},"ix":2},"nm":"Path 1","mn":"ADBE Vector Shape - Group","hd":false},{"ty":"fl","c":{"a":0,"k":[0.026189183254,0.021800867716,0.023204979242,1],"ix":4},"o":{"a":0,"k":100,"ix":5},"r":1,"nm":"Fill 1","mn":"ADBE Vector Graphic - Fill","hd":false},{"ty":"tr","p":{"a":0,"k":[598.412,395.532],"ix":2},"a":{"a":0,"k":[0,0],"ix":1},"s":{"a":0,"k":[100,100],"ix":3},"r":{"a":0,"k":0,"ix":6},"o":{"a":0,"k":100,"ix":7},"sk":{"a":0,"k":0,"ix":4},"sa":{"a":0,"k":0,"ix":5},"nm":"Transform"}],"nm":"Group 1","np":4,"cix":2,"ix":1,"mn":"ADBE Vector Group","hd":false},{"ty":"gr","it":[{"ind":0,"ty":"sh","ix":1,"ks":{"a":0,"k":{"i":[[1.253,0],[0,1.255],[0,0],[-1.253,0],[0,-1.255],[0,0]],"o":[[-1.253,0],[0,0],[0,-1.255],[1.253,0],[0,0],[0,1.255]],"v":[[0,12.684],[-2.27,10.414],[-2.27,-10.414],[0,-12.684],[2.27,-10.414],[2.27,10.414]],"c":true},"ix":2},"nm":"Path 1","mn":"ADBE Vector Shape - Group","hd":false},{"ty":"fl","c":{"a":0,"k":[0.026189183254,0.021800867716,0.023204979242,1],"ix":4},"o":{"a":0,"k":100,"ix":5},"r":1,"nm":"Fill 1","mn":"ADBE Vector Graphic - Fill","hd":false},{"ty":"tr","p":{"a":0,"k":[423.991,447.685],"ix":2},"a":{"a":0,"k":[0,0],"ix":1},"s":{"a":0,"k":[100,100],"ix":3},"r":{"a":0,"k":0,"ix":6},"o":{"a":0,"k":100,"ix":7},"sk":{"a":0,"k":0,"ix":4},"sa":{"a":0,"k":0,"ix":5},"nm":"Transform"}],"nm":"Group 2","np":4,"cix":2,"ix":2,"mn":"ADBE Vector Group","hd":false},{"ty":"gr","it":[{"ind":0,"ty":"sh","ix":1,"ks":{"a":0,"k":{"i":[[51.938,-14.46],[0,0],[74.075,-10.821],[-7.59,0],[0,0],[0,84.662],[0,0]],"o":[[0,0],[0,77.072],[7.295,1.066],[0,0],[84.662,0],[0,0],[0,30.82]],"v":[[22.046,-74.104],[22.046,-7.026],[-108.932,144.652],[-86.592,146.292],[-44.385,146.292],[108.932,-7.026],[108.932,-146.292]],"c":true},"ix":2},"nm":"Path 1","mn":"ADBE Vector Shape - Group","hd":false},{"ty":"fl","c":{"a":0,"k":[0.9206021178,0.865921259861,0.850935932234,1],"ix":4},"o":{"a":0,"k":100,"ix":5},"r":1,"nm":"Fill 1","mn":"ADBE Vector Graphic - Fill","hd":false},{"ty":"tr","p":{"a":0,"k":[663.901,583.562],"ix":2},"a":{"a":0,"k":[0,0],"ix":1},"s":{"a":0,"k":[100,100],"ix":3},"r":{"a":0,"k":0,"ix":6},"o":{"a":0,"k":100,"ix":7},"sk":{"a":0,"k":0,"ix":4},"sa":{"a":0,"k":0,"ix":5},"nm":"Transform"}],"nm":"Group 3","np":4,"cix":2,"ix":3,"mn":"ADBE Vector Group","hd":false},{"ty":"gr","it":[{"ind":0,"ty":"sh","ix":1,"ks":{"a":0,"k":{"i":[[63.659,0],[20.066,-23.435],[-63.677,0],[-20.07,23.435]],"o":[[-63.677,0],[20.066,23.435],[63.659,0],[-20.07,-23.435]],"v":[[0.001,-40.238],[-137.871,0],[0.001,40.238],[137.871,0]],"c":true},"ix":2},"nm":"Path 1","mn":"ADBE Vector Shape - Group","hd":false},{"ty":"fl","c":{"a":0,"k":[0.642080867992,0.349803819843,0.253855447208,1],"ix":4},"o":{"a":0,"k":100,"ix":5},"r":1,"nm":"Fill 1","mn":"ADBE Vector Graphic - Fill","hd":false},{"ty":"tr","p":{"a":0,"k":[598.411,457.367],"ix":2},"a":{"a":0,"k":[0,0],"ix":1},"s":{"a":0,"k":[100,100],"ix":3},"r":{"a":0,"k":0,"ix":6},"o":{"a":0,"k":100,"ix":7},"sk":{"a":0,"k":0,"ix":4},"sa":{"a":0,"k":0,"ix":5},"nm":"Transform"}],"nm":"Group 4","np":4,"cix":2,"ix":4,"mn":"ADBE Vector Group","hd":false},{"ty":"gr","it":[{"ind":0,"ty":"sh","ix":1,"ks":{"a":0,"k":{"i":[[0,-33.313],[80.74,0],[0,33.314],[-80.763,0]],"o":[[0,33.314],[-80.763,0],[0,-33.313],[80.74,0]],"v":[[146.214,0],[-0.001,60.335],[-146.215,0],[-0.001,-60.335]],"c":true},"ix":2},"nm":"Path 1","mn":"ADBE Vector Shape - Group","hd":false},{"ty":"fl","c":{"a":0,"k":[0.9206021178,0.865921259861,0.850935932234,1],"ix":4},"o":{"a":0,"k":100,"ix":5},"r":1,"nm":"Fill 1","mn":"ADBE Vector Graphic - Fill","hd":false},{"ty":"tr","p":{"a":0,"k":[598.413,437.27],"ix":2},"a":{"a":0,"k":[0,0],"ix":1},"s":{"a":0,"k":[100,100],"ix":3},"r":{"a":0,"k":0,"ix":6},"o":{"a":0,"k":100,"ix":7},"sk":{"a":0,"k":0,"ix":4},"sa":{"a":0,"k":0,"ix":5},"nm":"Transform"}],"nm":"Group 5","np":4,"cix":2,"ix":5,"mn":"ADBE Vector Group","hd":false},{"ty":"gr","it":[{"ind":0,"ty":"sh","ix":1,"ks":{"a":0,"k":{"i":[[18.491,0],[0,-18.491],[-18.491,0],[0,18.477]],"o":[[-18.491,0],[0,18.477],[18.491,0],[0,-18.491]],"v":[[-160.315,-94.119],[-193.851,-60.584],[-160.315,-27.076],[-126.78,-60.584]],"c":true},"ix":2},"nm":"Path 1","mn":"ADBE Vector Shape - Group","hd":false},{"ind":1,"ty":"sh","ix":2,"ks":{"a":0,"k":{"i":[[23.497,0],[0,23.484],[-23.497,0],[0,-23.497]],"o":[[-23.497,0],[0,-23.497],[23.497,0],[0,23.484]],"v":[[-160.315,-17.997],[-202.929,-60.584],[-160.315,-103.198],[-117.702,-60.584]],"c":true},"ix":2},"nm":"Path 2","mn":"ADBE Vector Shape - Group","hd":false},{"ind":2,"ty":"sh","ix":3,"ks":{"a":0,"k":{"i":[[87.042,0],[0,0],[7.573,80.754],[16.522,0],[0,45.539],[-45.54,0],[-13.464,-8.846],[0,0],[-2.507,0],[0,-2.507],[0,0],[1.597,-0.748],[1.352,1.133],[2.154,1.454],[14.654,0],[0,-40.549],[-40.533,0],[-12.165,8.296],[-1.916,1.594],[-1.579,-0.698],[-0.072,-1.727],[-80.063,0],[0,0],[0,82.037],[0,0],[-2.507,0],[0,-2.507],[0,0]],"o":[[0,0],[-82.107,0],[-13.585,9.16],[-45.54,0],[0,-45.554],[16.19,0],[0,0],[0,-2.507],[2.507,0],[0,0],[0,1.765],[-1.596,0.746],[-1.836,-1.538],[-12.105,-8.124],[-40.533,0],[0,40.535],[14.836,0],[1.938,-1.31],[1.326,-1.101],[1.578,0.702],[3.288,79.947],[0,0],[82.036,0],[0,0],[0,-2.507],[2.507,0],[0,0],[0,87.042]],"v":[[85.048,150.831],[42.84,150.831],[-114.305,8.003],[-160.315,22.006],[-242.904,-60.584],[-160.315,-143.201],[-115.016,-129.685],[-115.016,-146.292],[-110.477,-150.831],[-105.938,-146.292],[-105.938,-120.672],[-108.556,-116.557],[-113.392,-117.193],[-119.407,-121.701],[-160.315,-134.122],[-233.825,-60.584],[-160.315,12.927],[-119.041,0.244],[-113.241,-4.127],[-108.496,-4.784],[-105.802,-0.822],[42.84,141.753],[85.048,141.753],[233.825,-7.026],[233.825,-146.292],[238.365,-150.831],[242.904,-146.292],[242.904,-7.026]],"c":true},"ix":2},"nm":"Path 3","mn":"ADBE Vector Shape - Group","hd":false},{"ty":"mm","mm":1,"nm":"Merge Paths 1","mn":"ADBE Vector Filter - Merge","hd":false},{"ty":"fl","c":{"a":0,"k":[0.026189183254,0.021800867716,0.023204979242,1],"ix":4},"o":{"a":0,"k":100,"ix":5},"r":1,"nm":"Fill 1","mn":"ADBE Vector Graphic - Fill","hd":false},{"ty":"tr","p":{"a":0,"k":[534.468,583.563],"ix":2},"a":{"a":0,"k":[0,0],"ix":1},"s":{"a":0,"k":[100,100],"ix":3},"r":{"a":0,"k":0,"ix":6},"o":{"a":0,"k":100,"ix":7},"sk":{"a":0,"k":0,"ix":4},"sa":{"a":0,"k":0,"ix":5},"nm":"Transform"}],"nm":"Group 6","np":7,"cix":2,"ix":6,"mn":"ADBE Vector Group","hd":false},{"ty":"gr","it":[{"ind":0,"ty":"sh","ix":1,"ks":{"a":0,"k":{"i":[[21.021,0],[0,20.993],[-21.021,0],[0,-21.021]],"o":[[-21.021,0],[0,-21.021],[21.021,0],[0,20.993]],"v":[[-160.315,-22.536],[-198.39,-60.582],[-160.315,-98.657],[-122.241,-60.582]],"c":true},"ix":2},"nm":"Path 1","mn":"ADBE Vector Shape - Group","hd":false},{"ind":1,"ty":"sh","ix":2,"ks":{"a":0,"k":{"i":[[0,0],[0,0],[2.204,1.488],[16.089,0],[0,-43.117],[-43.116,0],[-12.481,8.513],[-1.956,1.625],[-82.512,0],[0,0],[0,84.662],[0,0]],"o":[[0,0],[-2.038,-1.708],[-12.398,-8.321],[-43.116,0],[0,43.088],[16.254,0],[2.121,-1.432],[3.361,81.714],[0,0],[84.662,0],[0,0],[0,0]],"v":[[-110.477,-146.291],[-110.477,-120.67],[-116.868,-125.464],[-160.315,-138.66],[-238.365,-60.582],[-160.315,17.468],[-116.482,3.995],[-110.339,-0.633],[42.84,146.292],[85.047,146.292],[238.365,-7.026],[238.365,-146.291]],"c":false},"ix":2},"nm":"Path 2","mn":"ADBE Vector Shape - Group","hd":false},{"ty":"mm","mm":1,"nm":"Merge Paths 1","mn":"ADBE Vector Filter - Merge","hd":false},{"ty":"fl","c":{"a":0,"k":[0.999999820485,0.999999760646,0.999999820485,1],"ix":4},"o":{"a":0,"k":100,"ix":5},"r":1,"nm":"Fill 1","mn":"ADBE Vector Graphic - Fill","hd":false},{"ty":"tr","p":{"a":0,"k":[534.468,583.562],"ix":2},"a":{"a":0,"k":[0,0],"ix":1},"s":{"a":0,"k":[100,100],"ix":3},"r":{"a":0,"k":0,"ix":6},"o":{"a":0,"k":100,"ix":7},"sk":{"a":0,"k":0,"ix":4},"sa":{"a":0,"k":0,"ix":5},"nm":"Transform"}],"nm":"Group 7","np":6,"cix":2,"ix":7,"mn":"ADBE Vector Group","hd":false},{"ty":"gr","it":[{"ind":0,"ty":"sh","ix":1,"ks":{"a":0,"k":{"i":[[0,-33.575],[106.321,0],[0,33.574],[-106.32,0]],"o":[[0,33.574],[-106.32,0],[0,-33.575],[106.321,0]],"v":[[192.511,0],[0,60.793],[-192.51,0],[0,-60.792]],"c":true},"ix":2},"nm":"Path 1","mn":"ADBE Vector Shape - Group","hd":false},{"ty":"fl","c":{"a":0,"k":[0.9206021178,0.865921259861,0.850935932234,1],"ix":4},"o":{"a":0,"k":100,"ix":5},"r":1,"nm":"Fill 1","mn":"ADBE Vector Graphic - Fill","hd":false},{"ty":"tr","p":{"a":0,"k":[598.412,719.542],"ix":2},"a":{"a":0,"k":[0,0],"ix":1},"s":{"a":0,"k":[100,100],"ix":3},"r":{"a":0,"k":0,"ix":6},"o":{"a":0,"k":100,"ix":7},"sk":{"a":0,"k":0,"ix":4},"sa":{"a":0,"k":0,"ix":5},"nm":"Transform"}],"nm":"Group 8","np":4,"cix":2,"ix":8,"mn":"ADBE Vector Group","hd":false}],"ip":0,"op":125,"st":0,"bm":0},{"ddd":0,"ind":4,"ty":1,"nm":"bg","sr":1,"ks":{"o":{"a":0,"k":100,"ix":11},"r":{"a":0,"k":0,"ix":10},"p":{"a":0,"k":[540,540,0],"ix":2},"a":{"a":0,"k":[540,540,0],"ix":1},"s":{"a":0,"k":[100,100,100],"ix":6}},"ao":0,"sw":1080,"sh":1080,"sc":"#ffffff","ip":0,"op":125,"st":0,"bm":0}],"markers":[]}