{"v":"4.7.0","fr":60,"ip":0,"op":70,"w":800,"h":800,"nm":"Burst","ddd":0,"assets":[],"layers":[{"ddd":0,"ind":1,"ty":4,"nm":"Mask 4","td":1,"ks":{"o":{"a":1,"k":[{"i":{"x":[0.667],"y":[1]},"o":{"x":[0.333],"y":[0]},"n":["0p667_1_0p333_0"],"t":56,"s":[100],"e":[0]},{"t":69}]},"r":{"a":0,"k":0},"p":{"a":0,"k":[400,400,0]},"a":{"a":0,"k":[0,0,0]},"s":{"a":0,"k":[51.196,51.196,100]}},"ao":0,"shapes":[{"ind":0,"ty":"sh","ix":1,"ks":{"a":0,"k":{"i":[[0,0],[-0.9,0.9],[0,29.245],[62.089,0],[4.049,-58.49],[0.9,8.999],[59.39,0],[0,-62.09],[-20.247,-21.146]],"o":[[0,0],[20.247,-21.147],[0,-62.09],[-59.39,0],[-0.45,8.999],[-4.049,-58.49],[-62.089,0],[0,29.245],[0,0]],"v":[[-0.225,190.663],[206.959,6.463],[235.563,-79.187],[121.09,-191.667],[2.185,-87.285],[-1.643,-87.285],[-119.137,-191.667],[-236.051,-77.233],[-200.123,8.417]],"c":true}},"nm":"Path 1","mn":"ADBE Vector Shape - Group"},{"ty":"st","c":{"a":0,"k":[1,1,1,1]},"o":{"a":0,"k":100},"w":{"a":0,"k":31.1},"lc":1,"lj":1,"ml":4,"nm":"Stroke 1","mn":"ADBE Vector Graphic - Stroke"},{"ty":"tm","s":{"a":1,"k":[{"i":{"x":[0.534],"y":[1.015]},"o":{"x":[0.613],"y":[-0.037]},"n":["0p534_1p015_0p613_-0p037"],"t":21,"s":[100],"e":[0]},{"t":54}],"ix":1},"e":{"a":0,"k":100,"ix":2},"o":{"a":0,"k":0,"ix":3},"m":1,"ix":3,"nm":"Trim Paths 1","mn":"ADBE Vector Filter - Trim"}],"ip":21,"op":70,"st":2,"bm":0,"sr":1},{"ddd":0,"ind":2,"ty":4,"nm":"Heart 4","tt":1,"ks":{"o":{"a":0,"k":100},"r":{"a":0,"k":0},"p":{"a":0,"k":[400,400,0]},"a":{"a":0,"k":[0,0,0]},"s":{"a":0,"k":[47,47,100]}},"ao":0,"shapes":[{"ind":0,"ty":"sh","ix":1,"ks":{"a":0,"k":{"i":[[0,0],[-0.9,0.9],[0,29.245],[62.089,0],[4.049,-58.49],[8.099,0],[0.9,8.999],[59.39,0],[0,-62.089],[-20.247,-21.146]],"o":[[0,0],[20.247,-21.146],[0,-62.089],[-59.39,0],[-0.45,8.999],[-8.099,0],[-4.049,-58.49],[-62.089,0],[0,29.245],[0,0]],"v":[[-0.225,186.268],[209.889,-1.35],[240.934,-79.187],[128.903,-191.667],[15.972,-87.285],[-0.225,-72.438],[-16.422,-87.285],[-128.903,-191.667],[-240.934,-79.187],[-209.889,-1.35]],"c":true}},"nm":"Path 1","mn":"ADBE Vector Shape - Group"},{"ind":1,"ty":"sh","ix":2,"ks":{"a":0,"k":{"i":[[4.049,0],[3.599,2.7],[0.45,0.9],[0,37.344],[-79.637,0],[-24.296,-45.892],[-56.241,0],[0,-79.637],[24.746,-26.995],[0,0]],"o":[[-4.049,0],[0,0],[-26.545,-26.995],[0,-79.637],[55.791,0],[24.296,-45.892],[79.636,0],[0,36.444],[-0.9,0.9],[-3.15,2.7]],"v":[[-0.225,224.062],[-11.023,220.013],[-232.835,20.697],[-273.329,-79.187],[-128.903,-224.062],[-0.225,-145.775],[128.903,-224.062],[273.329,-79.187],[234.185,19.347],[10.573,220.013]],"c":true}},"nm":"Path 2","mn":"ADBE Vector Shape - Group"},{"ty":"fl","c":{"a":0,"k":[0,0.6588235,0.8941177,1]},"o":{"a":0,"k":100},"r":1,"nm":"Fill 1","mn":"ADBE Vector Graphic - Fill"}],"ip":-18,"op":582,"st":-18,"bm":0,"sr":1},{"ddd":0,"ind":3,"ty":4,"nm":"Mask 3","td":1,"ks":{"o":{"a":0,"k":100},"r":{"a":0,"k":0},"p":{"a":0,"k":[400,400,0]},"a":{"a":0,"k":[0,0,0]},"s":{"a":0,"k":[51.196,51.196,100]}},"ao":0,"shapes":[{"ind":0,"ty":"sh","ix":1,"ks":{"a":0,"k":{"i":[[0,0],[-0.9,0.9],[0,29.245],[62.089,0],[4.049,-58.49],[0.9,8.999],[59.39,0],[0,-62.09],[-20.247,-21.146]],"o":[[0,0],[20.247,-21.147],[0,-62.09],[-59.39,0],[-0.45,8.999],[-4.049,-58.49],[-62.089,0],[0,29.245],[0,0]],"v":[[-0.225,190.663],[206.959,6.463],[235.563,-79.187],[121.09,-191.667],[2.185,-87.285],[-1.643,-87.285],[-119.137,-191.667],[-236.051,-77.233],[-200.123,8.417]],"c":true}},"nm":"Path 1","mn":"ADBE Vector Shape - Group"},{"ty":"st","c":{"a":0,"k":[1,1,1,1]},"o":{"a":0,"k":100},"w":{"a":0,"k":31.1},"lc":1,"lj":1,"ml":4,"nm":"Stroke 1","mn":"ADBE Vector Graphic - Stroke"},{"ty":"tm","s":{"a":1,"k":[{"i":{"x":[0.534],"y":[1.015]},"o":{"x":[0.613],"y":[-0.037]},"n":["0p534_1p015_0p613_-0p037"],"t":14,"s":[100],"e":[0]},{"t":46.560546875}],"ix":1},"e":{"a":0,"k":100,"ix":2},"o":{"a":0,"k":0,"ix":3},"m":1,"ix":3,"nm":"Trim Paths 1","mn":"ADBE Vector Filter - Trim"}],"ip":14,"op":55,"st":-5,"bm":0,"sr":1},{"ddd":0,"ind":4,"ty":4,"nm":"Heart 3","tt":1,"ks":{"o":{"a":0,"k":100},"r":{"a":0,"k":0},"p":{"a":0,"k":[400,400,0]},"a":{"a":0,"k":[0,0,0]},"s":{"a":0,"k":[47,47,100]}},"ao":0,"shapes":[{"ind":0,"ty":"sh","ix":1,"ks":{"a":0,"k":{"i":[[0,0],[-0.9,0.9],[0,29.245],[62.089,0],[4.049,-58.49],[8.099,0],[0.9,8.999],[59.39,0],[0,-62.089],[-20.247,-21.146]],"o":[[0,0],[20.247,-21.146],[0,-62.089],[-59.39,0],[-0.45,8.999],[-8.099,0],[-4.049,-58.49],[-62.089,0],[0,29.245],[0,0]],"v":[[-0.225,186.268],[209.889,-1.35],[240.934,-79.187],[128.903,-191.667],[15.972,-87.285],[-0.225,-72.438],[-16.422,-87.285],[-128.903,-191.667],[-240.934,-79.187],[-209.889,-1.35]],"c":true}},"nm":"Path 1","mn":"ADBE Vector Shape - Group"},{"ind":1,"ty":"sh","ix":2,"ks":{"a":0,"k":{"i":[[4.049,0],[3.599,2.7],[0.45,0.9],[0,37.344],[-79.637,0],[-24.296,-45.892],[-56.241,0],[0,-79.637],[24.746,-26.995],[0,0]],"o":[[-4.049,0],[0,0],[-26.545,-26.995],[0,-79.637],[55.791,0],[24.296,-45.892],[79.636,0],[0,36.444],[-0.9,0.9],[-3.15,2.7]],"v":[[-0.225,224.062],[-11.023,220.013],[-232.835,20.697],[-273.329,-79.187],[-128.903,-224.062],[-0.225,-145.775],[128.903,-224.062],[273.329,-79.187],[234.185,19.347],[10.573,220.013]],"c":true}},"nm":"Path 2","mn":"ADBE Vector Shape - Group"},{"ty":"fl","c":{"a":0,"k":[0.5215687,0.6980392,0.0392157,1]},"o":{"a":0,"k":100},"r":1,"nm":"Fill 1","mn":"ADBE Vector Graphic - Fill"}],"ip":-18,"op":582,"st":-18,"bm":0,"sr":1},{"ddd":0,"ind":5,"ty":4,"nm":"Mask 2","td":1,"ks":{"o":{"a":0,"k":100},"r":{"a":0,"k":0},"p":{"a":0,"k":[400,400,0]},"a":{"a":0,"k":[0,0,0]},"s":{"a":0,"k":[51.196,51.196,100]}},"ao":0,"shapes":[{"ind":0,"ty":"sh","ix":1,"ks":{"a":0,"k":{"i":[[0,0],[-0.9,0.9],[0,29.245],[62.089,0],[4.049,-58.49],[0.9,8.999],[59.39,0],[0,-62.09],[-20.247,-21.146]],"o":[[0,0],[20.247,-21.147],[0,-62.09],[-59.39,0],[-0.45,8.999],[-4.049,-58.49],[-62.089,0],[0,29.245],[0,0]],"v":[[-0.225,190.663],[206.959,6.463],[235.563,-79.187],[121.09,-191.667],[2.185,-87.285],[-1.643,-87.285],[-119.137,-191.667],[-236.051,-77.233],[-200.123,8.417]],"c":true}},"nm":"Path 1","mn":"ADBE Vector Shape - Group"},{"ty":"st","c":{"a":0,"k":[1,1,1,1]},"o":{"a":0,"k":100},"w":{"a":0,"k":31.1},"lc":1,"lj":1,"ml":4,"nm":"Stroke 1","mn":"ADBE Vector Graphic - Stroke"},{"ty":"tm","s":{"a":1,"k":[{"i":{"x":[0.534],"y":[1.015]},"o":{"x":[0.613],"y":[-0.037]},"n":["0p534_1p015_0p613_-0p037"],"t":9,"s":[100],"e":[0]},{"t":41.560546875}],"ix":1},"e":{"a":0,"k":100,"ix":2},"o":{"a":0,"k":0,"ix":3},"m":1,"ix":3,"nm":"Trim Paths 1","mn":"ADBE Vector Filter - Trim"}],"ip":9,"op":50,"st":-10,"bm":0,"sr":1},{"ddd":0,"ind":6,"ty":4,"nm":"Heart 2","tt":1,"ks":{"o":{"a":0,"k":100},"r":{"a":0,"k":0},"p":{"a":0,"k":[400,400,0]},"a":{"a":0,"k":[0,0,0]},"s":{"a":0,"k":[47,47,100]}},"ao":0,"shapes":[{"ind":0,"ty":"sh","ix":1,"ks":{"a":0,"k":{"i":[[0,0],[-0.9,0.9],[0,29.245],[62.089,0],[4.049,-58.49],[8.099,0],[0.9,8.999],[59.39,0],[0,-62.089],[-20.247,-21.146]],"o":[[0,0],[20.247,-21.146],[0,-62.089],[-59.39,0],[-0.45,8.999],[-8.099,0],[-4.049,-58.49],[-62.089,0],[0,29.245],[0,0]],"v":[[-0.225,186.268],[209.889,-1.35],[240.934,-79.187],[128.903,-191.667],[15.972,-87.285],[-0.225,-72.438],[-16.422,-87.285],[-128.903,-191.667],[-240.934,-79.187],[-209.889,-1.35]],"c":true}},"nm":"Path 1","mn":"ADBE Vector Shape - Group"},{"ind":1,"ty":"sh","ix":2,"ks":{"a":0,"k":{"i":[[4.049,0],[3.599,2.7],[0.45,0.9],[0,37.344],[-79.637,0],[-24.296,-45.892],[-56.241,0],[0,-79.637],[24.746,-26.995],[0,0]],"o":[[-4.049,0],[0,0],[-26.545,-26.995],[0,-79.637],[55.791,0],[24.296,-45.892],[79.636,0],[0,36.444],[-0.9,0.9],[-3.15,2.7]],"v":[[-0.225,224.062],[-11.023,220.013],[-232.835,20.697],[-273.329,-79.187],[-128.903,-224.062],[-0.225,-145.775],[128.903,-224.062],[273.329,-79.187],[234.185,19.347],[10.573,220.013]],"c":true}},"nm":"Path 2","mn":"ADBE Vector Shape - Group"},{"ty":"fl","c":{"a":0,"k":[1,0.6588235,0.1176471,1]},"o":{"a":0,"k":100},"r":1,"nm":"Fill 1","mn":"ADBE Vector Graphic - Fill"}],"ip":-18,"op":582,"st":-18,"bm":0,"sr":1},{"ddd":0,"ind":7,"ty":4,"nm":"Mask","td":1,"ks":{"o":{"a":0,"k":100},"r":{"a":0,"k":0},"p":{"a":0,"k":[400,400,0]},"a":{"a":0,"k":[0,0,0]},"s":{"a":0,"k":[51.196,51.196,100]}},"ao":0,"shapes":[{"ind":0,"ty":"sh","ix":1,"ks":{"a":0,"k":{"i":[[0,0],[-0.9,0.9],[0,29.245],[62.089,0],[4.049,-58.49],[0.9,8.999],[59.39,0],[0,-62.09],[-20.247,-21.146]],"o":[[0,0],[20.247,-21.147],[0,-62.09],[-59.39,0],[-0.45,8.999],[-4.049,-58.49],[-62.089,0],[0,29.245],[0,0]],"v":[[-0.225,190.663],[206.959,6.463],[235.563,-79.187],[121.09,-191.667],[2.185,-87.285],[-1.643,-87.285],[-119.137,-191.667],[-236.051,-77.233],[-200.123,8.417]],"c":true}},"nm":"Path 1","mn":"ADBE Vector Shape - Group"},{"ty":"st","c":{"a":0,"k":[1,1,1,1]},"o":{"a":0,"k":100},"w":{"a":0,"k":31.1},"lc":1,"lj":1,"ml":4,"nm":"Stroke 1","mn":"ADBE Vector Graphic - Stroke"},{"ty":"tm","s":{"a":1,"k":[{"i":{"x":[0.534],"y":[1.015]},"o":{"x":[0.613],"y":[-0.037]},"n":["0p534_1p015_0p613_-0p037"],"t":1,"s":[100],"e":[0]},{"t":33.560546875}],"ix":1},"e":{"a":0,"k":100,"ix":2},"o":{"a":0,"k":0,"ix":3},"m":1,"ix":3,"nm":"Trim Paths 1","mn":"ADBE Vector Filter - Trim"}],"ip":1,"op":42,"st":-18,"bm":0,"sr":1},{"ddd":0,"ind":8,"ty":4,"nm":"Heart","tt":1,"ks":{"o":{"a":0,"k":100},"r":{"a":0,"k":0},"p":{"a":0,"k":[400,400,0]},"a":{"a":0,"k":[0,0,0]},"s":{"a":0,"k":[47,47,100]}},"ao":0,"shapes":[{"ind":0,"ty":"sh","ix":1,"ks":{"a":0,"k":{"i":[[0,0],[-0.9,0.9],[0,29.245],[62.089,0],[4.049,-58.49],[8.099,0],[0.9,8.999],[59.39,0],[0,-62.089],[-20.247,-21.146]],"o":[[0,0],[20.247,-21.146],[0,-62.089],[-59.39,0],[-0.45,8.999],[-8.099,0],[-4.049,-58.49],[-62.089,0],[0,29.245],[0,0]],"v":[[-0.225,186.268],[209.889,-1.35],[240.934,-79.187],[128.903,-191.667],[15.972,-87.285],[-0.225,-72.438],[-16.422,-87.285],[-128.903,-191.667],[-240.934,-79.187],[-209.889,-1.35]],"c":true}},"nm":"Path 1","mn":"ADBE Vector Shape - Group"},{"ind":1,"ty":"sh","ix":2,"ks":{"a":0,"k":{"i":[[4.049,0],[3.599,2.7],[0.45,0.9],[0,37.344],[-79.637,0],[-24.296,-45.892],[-56.241,0],[0,-79.637],[24.746,-26.995],[0,0]],"o":[[-4.049,0],[0,0],[-26.545,-26.995],[0,-79.637],[55.791,0],[24.296,-45.892],[79.636,0],[0,36.444],[-0.9,0.9],[-3.15,2.7]],"v":[[-0.225,224.062],[-11.023,220.013],[-232.835,20.697],[-273.329,-79.187],[-128.903,-224.062],[-0.225,-145.775],[128.903,-224.062],[273.329,-79.187],[234.185,19.347],[10.573,220.013]],"c":true}},"nm":"Path 2","mn":"ADBE Vector Shape - Group"},{"ty":"fl","c":{"a":0,"k":[0,0.4117647,0.6941177,1]},"o":{"a":0,"k":100},"r":1,"nm":"Fill 1","mn":"ADBE Vector Graphic - Fill"}],"ip":-18,"op":582,"st":-18,"bm":0,"sr":1},{"ddd":0,"ind":9,"ty":4,"nm":"Burst 2","ks":{"o":{"a":1,"k":[{"i":{"x":[0.833],"y":[1]},"o":{"x":[0.167],"y":[0]},"n":["0p833_1_0p167_0"],"t":19,"s":[0],"e":[100]},{"i":{"x":[1],"y":[1]},"o":{"x":[0.732],"y":[0]},"n":["1_1_0p732_0"],"t":31.242,"s":[100],"e":[0]},{"t":41.62890625}]},"r":{"a":1,"k":[{"i":{"x":[0.288],"y":[1]},"o":{"x":[0.712],"y":[0]},"n":["0p288_1_0p712_0"],"t":4.029,"s":[258.3],"e":[263.9]},{"t":38.943359375}]},"p":{"a":0,"k":[400,400,0]},"a":{"a":0,"k":[400,0,0]},"s":{"a":1,"k":[{"i":{"x":[0.666,0.666,0.667],"y":[16.353,16.353,-0.169]},"o":{"x":[0.772,0.772,0.333],"y":[0,0,0]},"n":["0p666_16p353_0p772_0","0p666_16p353_0p772_0","0p667_-0p169_0p333_0"],"t":4.029,"s":[45,45,100],"e":[44.927,44.927,100]},{"i":{"x":[0.515,0.515,0.667],"y":[1,1,1]},"o":{"x":[0.211,0.211,0.333],"y":[0.018,0.018,0.608]},"n":["0p515_1_0p211_0p018","0p515_1_0p211_0p018","0p667_1_0p333_0p608"],"t":27,"s":[44.927,44.927,100],"e":[65,65,100]},{"t":38.943359375}]}},"ao":0,"shapes":[{"ty":"gr","it":[{"ty":"gr","it":[{"ind":0,"ty":"sh","ix":1,"ks":{"a":0,"k":{"i":[[233.478,-233.478],[0,0]],"o":[[-233.478,233.478],[0,0]],"v":[[612.308,-175.385],[658.885,150.658]],"c":true}},"nm":"Path 1","mn":"ADBE Vector Shape - Group"},{"ty":"st","c":{"a":1,"k":[{"i":{"x":[0.833],"y":[0.833]},"o":{"x":[0.167],"y":[0.167]},"n":["0p833_0p833_0p167_0p167"],"t":24,"s":[0,0.4117647,0.6941177,1],"e":[1,0.6588235,0.1176471,1]},{"i":{"x":[0.833],"y":[0.833]},"o":{"x":[0.167],"y":[0.167]},"n":["0p833_0p833_0p167_0p167"],"t":26.75,"s":[1,0.6588235,0.1176471,1],"e":[0.5215687,0.6980392,0.0392157,1]},{"i":{"x":[0.833],"y":[0.833]},"o":{"x":[0.167],"y":[0.167]},"n":["0p833_0p833_0p167_0p167"],"t":30.875,"s":[0.5215687,0.6980392,0.0392157,1],"e":[0,0.6588235,0.8941177,1]},{"t":35}]},"o":{"a":0,"k":100},"w":{"a":0,"k":14.1},"lc":2,"lj":1,"ml":4,"nm":"Stroke 1","mn":"ADBE Vector Graphic - Stroke"},{"ty":"tm","s":{"a":1,"k":[{"i":{"x":[0],"y":[1]},"o":{"x":[0.036],"y":[0]},"n":["0_1_0p036_0"],"t":24.523,"s":[100],"e":[91]},{"t":47}],"ix":1},"e":{"a":1,"k":[{"i":{"x":[0.967],"y":[1]},"o":{"x":[1],"y":[0]},"n":["0p967_1_1_0"],"t":0,"s":[100],"e":[91]},{"t":24.5234375}],"ix":2},"o":{"a":0,"k":0,"ix":3},"m":1,"ix":3,"nm":"Trim Paths 1","mn":"ADBE Vector Filter - Trim"},{"ty":"tr","p":{"a":0,"k":[612.308,-15.385],"ix":2},"a":{"a":0,"k":[612.308,-15.385],"ix":1},"s":{"a":0,"k":[100,100],"ix":3},"r":{"a":0,"k":0,"ix":6},"o":{"a":0,"k":100,"ix":7},"sk":{"a":0,"k":0,"ix":4},"sa":{"a":0,"k":0,"ix":5},"nm":"Transform"}],"nm":"Group 1","np":3,"cix":2,"ix":1,"mn":"ADBE Vector Group"},{"ty":"rp","c":{"a":0,"k":14,"ix":1},"o":{"a":0,"k":0,"ix":2},"m":1,"ix":2,"tr":{"ty":"tr","p":{"a":0,"k":[0,0],"ix":2},"a":{"a":0,"k":[386,0],"ix":1},"s":{"a":0,"k":[100,100],"ix":3},"r":{"a":0,"k":25.2,"ix":4},"so":{"a":0,"k":100,"ix":5},"eo":{"a":0,"k":100,"ix":6},"nm":"Transform"},"nm":"Repeater 1","mn":"ADBE Vector Filter - Repeater"},{"ty":"tr","p":{"a":0,"k":[0,0],"ix":2},"a":{"a":0,"k":[0,0],"ix":1},"s":{"a":0,"k":[100,100],"ix":3},"r":{"a":0,"k":0,"ix":6},"o":{"a":0,"k":100,"ix":7},"sk":{"a":0,"k":0,"ix":4},"sa":{"a":0,"k":0,"ix":5},"nm":"Transform"}],"nm":"Group 1","np":2,"cix":2,"ix":1,"mn":"ADBE Vector Group"}],"ip":0,"op":60,"st":0,"bm":0,"sr":1},{"ddd":0,"ind":10,"ty":4,"nm":"Burst","ks":{"o":{"a":1,"k":[{"i":{"x":[0.268],"y":[1]},"o":{"x":[0],"y":[0]},"n":["0p268_1_0_0"],"t":8.285,"s":[0],"e":[100]},{"i":{"x":[0.833],"y":[1]},"o":{"x":[0.732],"y":[0]},"n":["0p833_1_0p732_0"],"t":15,"s":[100],"e":[100]},{"i":{"x":[1],"y":[1]},"o":{"x":[0.732],"y":[0]},"n":["1_1_0p732_0"],"t":34.914,"s":[100],"e":[0]},{"t":41.62890625}]},"r":{"a":1,"k":[{"i":{"x":[0.288],"y":[1]},"o":{"x":[0.712],"y":[0]},"n":["0p288_1_0p712_0"],"t":4.029,"s":[244.3],"e":[249.9]},{"t":38.943359375}]},"p":{"a":0,"k":[400,400,0]},"a":{"a":0,"k":[400,0,0]},"s":{"a":1,"k":[{"i":{"x":[0.33,0.33,0.667],"y":[1,1,1]},"o":{"x":[0.675,0.675,0.333],"y":[0,0,0]},"n":["0p33_1_0p675_0","0p33_1_0p675_0","0p667_1_0p333_0"],"t":4.029,"s":[45,45,100],"e":[65,65,100]},{"t":38.943359375}]}},"ao":0,"shapes":[{"ty":"gr","it":[{"ty":"gr","it":[{"ind":0,"ty":"sh","ix":1,"ks":{"a":0,"k":{"i":[[233.478,-233.478],[0,0]],"o":[[-233.478,233.478],[0,0]],"v":[[612.308,-175.385],[658.885,150.658]],"c":true}},"nm":"Path 1","mn":"ADBE Vector Shape - Group"},{"ty":"st","c":{"a":1,"k":[{"i":{"x":[0.833],"y":[0.833]},"o":{"x":[0.167],"y":[0.167]},"n":["0p833_0p833_0p167_0p167"],"t":24,"s":[0,0.4117647,0.6941177,1],"e":[1,0.6588235,0.1176471,1]},{"i":{"x":[0.833],"y":[0.833]},"o":{"x":[0.167],"y":[0.167]},"n":["0p833_0p833_0p167_0p167"],"t":26.75,"s":[1,0.6588235,0.1176471,1],"e":[0.5215687,0.6980392,0.0392157,1]},{"i":{"x":[0.833],"y":[0.833]},"o":{"x":[0.167],"y":[0.167]},"n":["0p833_0p833_0p167_0p167"],"t":30.875,"s":[0.5215687,0.6980392,0.0392157,1],"e":[0,0.6588235,0.8941177,1]},{"t":35}]},"o":{"a":0,"k":100},"w":{"a":0,"k":14.1},"lc":2,"lj":1,"ml":4,"nm":"Stroke 1","mn":"ADBE Vector Graphic - Stroke"},{"ty":"tm","s":{"a":1,"k":[{"i":{"x":[0],"y":[1]},"o":{"x":[0.036],"y":[0]},"n":["0_1_0p036_0"],"t":24.523,"s":[100],"e":[91]},{"t":47}],"ix":1},"e":{"a":1,"k":[{"i":{"x":[0.967],"y":[1]},"o":{"x":[1],"y":[0]},"n":["0p967_1_1_0"],"t":0,"s":[100],"e":[91]},{"t":24.5234375}],"ix":2},"o":{"a":0,"k":0,"ix":3},"m":1,"ix":3,"nm":"Trim Paths 1","mn":"ADBE Vector Filter - Trim"},{"ty":"tr","p":{"a":0,"k":[612.308,-15.385],"ix":2},"a":{"a":0,"k":[612.308,-15.385],"ix":1},"s":{"a":0,"k":[100,100],"ix":3},"r":{"a":0,"k":0,"ix":6},"o":{"a":0,"k":100,"ix":7},"sk":{"a":0,"k":0,"ix":4},"sa":{"a":0,"k":0,"ix":5},"nm":"Transform"}],"nm":"Group 1","np":3,"cix":2,"ix":1,"mn":"ADBE Vector Group"},{"ty":"rp","c":{"a":0,"k":14,"ix":1},"o":{"a":0,"k":0,"ix":2},"m":1,"ix":2,"tr":{"ty":"tr","p":{"a":0,"k":[0,0],"ix":2},"a":{"a":0,"k":[386,0],"ix":1},"s":{"a":0,"k":[100,100],"ix":3},"r":{"a":0,"k":25.2,"ix":4},"so":{"a":0,"k":100,"ix":5},"eo":{"a":0,"k":100,"ix":6},"nm":"Transform"},"nm":"Repeater 1","mn":"ADBE Vector Filter - Repeater"},{"ty":"tr","p":{"a":0,"k":[0,0],"ix":2},"a":{"a":0,"k":[0,0],"ix":1},"s":{"a":0,"k":[100,100],"ix":3},"r":{"a":0,"k":0,"ix":6},"o":{"a":0,"k":100,"ix":7},"sk":{"a":0,"k":0,"ix":4},"sa":{"a":0,"k":0,"ix":5},"nm":"Transform"}],"nm":"Group 1","np":2,"cix":2,"ix":1,"mn":"ADBE Vector Group"}],"ip":0,"op":60,"st":0,"bm":0,"sr":1}]}