{"v":"5.1.15","fr":29.9700012207031,"ip":0,"op":180.00000733155,"w":648,"h":646,"nm":"ROJO","ddd":0,"assets":[{"id":"comp_0","layers":[{"ddd":0,"ind":1,"ty":4,"nm":"Shape Layer 1","sr":1,"ks":{"o":{"a":0,"k":100,"ix":11},"r":{"a":0,"k":0,"ix":10},"p":{"a":0,"k":[960,540,0],"ix":2},"a":{"a":0,"k":[0,0,0],"ix":1},"s":{"a":0,"k":[100,100,100],"ix":6}},"ao":0,"shapes":[{"ty":"gr","it":[{"d":1,"ty":"el","s":{"a":1,"k":[{"i":{"x":[0.667,0.667],"y":[1,1]},"o":{"x":[0.071,0.071],"y":[5.497,5.497]},"n":["0p667_1_0p071_5p497","0p667_1_0p071_5p497"],"t":0,"s":[0,0],"e":[30,30]},{"i":{"x":[0,0],"y":[1,1]},"o":{"x":[0.333,0.333],"y":[0,0]},"n":["0_1_0p333_0","0_1_0p333_0"],"t":15,"s":[30,30],"e":[80,80]},{"t":31.0000012626559}],"ix":2},"p":{"a":1,"k":[{"i":{"x":0,"y":1},"o":{"x":0.333,"y":0},"n":"0_1_0p333_0","t":15,"s":[0,0],"e":[218.2,0],"to":[36.3666648864746,0],"ti":[-36.3666648864746,0]},{"t":31.0000012626559}],"ix":3},"nm":"Ellipse Path 1","mn":"ADBE Vector Shape - Ellipse","hd":false},{"d":1,"ty":"el","s":{"a":1,"k":[{"i":{"x":[0.667,0.667],"y":[1,1]},"o":{"x":[0.071,0.071],"y":[5.497,5.497]},"n":["0p667_1_0p071_5p497","0p667_1_0p071_5p497"],"t":0,"s":[0,0],"e":[30,30]},{"i":{"x":[0,0],"y":[1,1]},"o":{"x":[0.333,0.333],"y":[0,0]},"n":["0_1_0p333_0","0_1_0p333_0"],"t":15,"s":[30,30],"e":[80,80]},{"t":31.0000012626559}],"ix":2},"p":{"a":1,"k":[{"i":{"x":0,"y":1},"o":{"x":0.333,"y":0},"n":"0_1_0p333_0","t":15,"s":[0,0],"e":[-218.2,0],"to":[-36.3666648864746,0],"ti":[36.3666648864746,0]},{"t":31.0000012626559}],"ix":3},"nm":"Ellipse Path 2","mn":"ADBE Vector Shape - Ellipse","hd":false},{"ty":"fl","c":{"a":0,"k":[0.901960784314,0,0,1],"ix":4},"o":{"a":0,"k":100,"ix":5},"r":1,"nm":"Fill 1","mn":"ADBE Vector Graphic - Fill","hd":false},{"ty":"tr","p":{"a":0,"k":[0,0],"ix":2},"a":{"a":0,"k":[0,0],"ix":1},"s":{"a":0,"k":[100,100],"ix":3},"r":{"a":0,"k":0,"ix":6},"o":{"a":0,"k":100,"ix":7},"sk":{"a":0,"k":0,"ix":4},"sa":{"a":0,"k":0,"ix":5},"nm":"Transform"}],"nm":"Ellipse 1","np":3,"cix":2,"ix":1,"mn":"ADBE Vector Group","hd":false}],"ip":0,"op":31.0000012626559,"st":0,"bm":0},{"ddd":0,"ind":2,"ty":4,"nm":"O Outlines","sr":1,"ks":{"o":{"a":0,"k":100,"ix":11},"r":{"a":0,"k":180,"ix":10},"p":{"a":0,"k":[960,540,0],"ix":2},"a":{"a":0,"k":[960,540,0],"ix":1},"s":{"a":0,"k":[100,100,100],"ix":6}},"ao":0,"shapes":[{"ty":"gr","it":[{"ind":0,"ty":"sh","ix":1,"ks":{"a":0,"k":{"i":[[-146.314,0],[-34.347,-25.602],[0,-68.296],[142.603,0],[0,104.685]],"o":[[49.126,0],[68.711,52.214],[0,139.305],[-160.323,0],[0,-130.237]],"v":[[0.208,-247.494],[128.016,-207.895],[218.643,0.206],[-3.508,247.494],[-218.643,-1.855]],"c":true},"ix":2},"nm":"Path 1","mn":"ADBE Vector Shape - Group","hd":false},{"ind":1,"ty":"sh","ix":2,"ks":{"a":0,"k":{"i":[[-146.314,0],[-34.347,-25.602],[0,-68.296],[142.603,0],[0,104.685]],"o":[[49.126,0],[68.711,52.214],[0,139.305],[-160.323,0],[0,-130.237]],"v":[[0.208,-247.494],[128.016,-207.895],[218.643,0.206],[-3.508,247.494],[-218.643,-1.855]],"c":true},"ix":2},"nm":"Path 2","mn":"ADBE Vector Shape - Group","hd":false},{"ty":"tm","s":{"a":1,"k":[{"i":{"x":[0.667],"y":[1]},"o":{"x":[0.333],"y":[0]},"n":["0p667_1_0p333_0"],"t":30,"s":[0],"e":[1]},{"i":{"x":[0.667],"y":[1]},"o":{"x":[0.333],"y":[0]},"n":["0p667_1_0p333_0"],"t":47.924,"s":[1],"e":[100]},{"t":86.0000035028518}],"ix":1},"e":{"a":1,"k":[{"i":{"x":[0.667],"y":[1]},"o":{"x":[0.333],"y":[0]},"n":["0p667_1_0p333_0"],"t":30,"s":[0],"e":[100]},{"i":{"x":[0.667],"y":[1]},"o":{"x":[0.333],"y":[0]},"n":["0p667_1_0p333_0"],"t":47.924,"s":[100],"e":[0]},{"t":86.0000035028518}],"ix":2},"o":{"a":0,"k":-268,"ix":3},"m":1,"ix":3,"nm":"Trim Paths 1","mn":"ADBE Vector Filter - Trim","hd":false},{"ty":"st","c":{"a":0,"k":[0,0,0,1],"ix":3},"o":{"a":0,"k":100,"ix":4},"w":{"a":0,"k":120,"ix":5},"lc":2,"lj":2,"nm":"Stroke 1","mn":"ADBE Vector Graphic - Stroke","hd":false},{"ty":"tr","p":{"a":0,"k":[960,540],"ix":2},"a":{"a":0,"k":[0,0],"ix":1},"s":{"a":0,"k":[100,100],"ix":3},"r":{"a":0,"k":0,"ix":6},"o":{"a":0,"k":100,"ix":7},"sk":{"a":0,"k":0,"ix":4},"sa":{"a":0,"k":0,"ix":5},"nm":"Transform"}],"nm":"Group 1","np":4,"cix":2,"ix":1,"mn":"ADBE Vector Group","hd":false}],"ip":26.0000010590017,"op":49.0000019958109,"st":26.0000010590017,"bm":0}]},{"id":"comp_1","layers":[{"ddd":0,"ind":1,"ty":4,"nm":"Shape Layer 1","sr":0.7,"ks":{"o":{"a":0,"k":100,"ix":11},"r":{"a":0,"k":0,"ix":10},"p":{"a":0,"k":[960,540,0],"ix":2},"a":{"a":0,"k":[0,0,0],"ix":1},"s":{"a":0,"k":[100,100,100],"ix":6}},"ao":0,"shapes":[{"ty":"gr","it":[{"d":1,"ty":"el","s":{"a":1,"k":[{"i":{"x":[0,0],"y":[1.011,1.011]},"o":{"x":[0.02,0.02],"y":[2.182,2.225]},"n":["0_1p011_0p02_2p182","0_1p011_0p02_2p225"],"t":0,"s":[0,0],"e":[80,80]},{"i":{"x":[0,0.667],"y":[1.54,1]},"o":{"x":[0.333,0.333],"y":[1.207,0]},"n":["0_1p54_0p333_1p207","0p667_1_0p333_0"],"t":9,"s":[80,80],"e":[80,80]},{"t":21.0000008553475}],"ix":2},"p":{"a":1,"k":[{"i":{"x":0,"y":1},"o":{"x":0.333,"y":0},"n":"0_1_0p333_0","t":10.5,"s":[0,0],"e":[127.9,-245.9],"to":[21.3166675567627,-40.9833335876465],"ti":[-21.3166675567627,40.9833335876465]},{"t":21.0000008553475}],"ix":3},"nm":"Ellipse Path 1","mn":"ADBE Vector Shape - Ellipse","hd":false},{"d":1,"ty":"el","s":{"a":1,"k":[{"i":{"x":[0,0],"y":[1.011,1.011]},"o":{"x":[0.02,0.02],"y":[2.182,2.225]},"n":["0_1p011_0p02_2p182","0_1p011_0p02_2p225"],"t":0,"s":[0,0],"e":[80,80]},{"i":{"x":[0,0.667],"y":[1.54,1]},"o":{"x":[0.333,0.333],"y":[1.207,0]},"n":["0_1p54_0p333_1p207","0p667_1_0p333_0"],"t":9,"s":[80,80],"e":[80,80]},{"t":21.0000008553475}],"ix":2},"p":{"a":1,"k":[{"i":{"x":0,"y":1},"o":{"x":0.333,"y":0},"n":"0_1_0p333_0","t":10.5,"s":[0,0],"e":[-23.9,248.1],"to":[-3.98333334922791,41.3499984741211],"ti":[3.98333334922791,-41.3499984741211]},{"t":21.0000008553475}],"ix":3},"nm":"Ellipse Path 2","mn":"ADBE Vector Shape - Ellipse","hd":false},{"ty":"fl","c":{"a":0,"k":[0.901960784314,0,0,1],"ix":4},"o":{"a":0,"k":100,"ix":5},"r":1,"nm":"Fill 1","mn":"ADBE Vector Graphic - Fill","hd":false},{"ty":"tr","p":{"a":0,"k":[0,0],"ix":2},"a":{"a":0,"k":[0,0],"ix":1},"s":{"a":0,"k":[100,100],"ix":3},"r":{"a":0,"k":0,"ix":6},"o":{"a":0,"k":100,"ix":7},"sk":{"a":0,"k":0,"ix":4},"sa":{"a":0,"k":0,"ix":5},"nm":"Transform"}],"nm":"Ellipse 1","np":3,"cix":2,"ix":1,"mn":"ADBE Vector Group","hd":false}],"ip":0,"op":21.7000008838591,"st":0,"bm":0},{"ddd":0,"ind":2,"ty":4,"nm":"J Outlines 2","sr":0.7,"ks":{"o":{"a":0,"k":100,"ix":11},"r":{"a":0,"k":0,"ix":10},"p":{"a":0,"k":[960,540,0],"ix":2},"a":{"a":0,"k":[960,540,0],"ix":1},"s":{"a":0,"k":[100,100,100],"ix":6}},"ao":0,"shapes":[{"ty":"gr","it":[{"ind":0,"ty":"sh","ix":1,"ks":{"a":0,"k":{"i":[[0,0],[0,-0.273],[-4.622,-117.234],[22.206,-19.763],[51.087,37.838],[-0.578,41.026]],"o":[[0.003,0.274],[0,73.549],[1.735,43.996],[-48.152,42.856],[-30.653,-22.702],[0,0]],"v":[[127.041,-254.461],[127.041,-253.64],[132.709,96],[94.186,207.589],[-88.68,216.623],[-133.866,108.201]],"c":false},"ix":2},"nm":"Path 1","mn":"ADBE Vector Shape - Group","hd":false},{"ty":"tm","s":{"a":1,"k":[{"i":{"x":[0],"y":[1]},"o":{"x":[0],"y":[0]},"n":["0_1_0_0"],"t":21,"s":[0],"e":[99.5]},{"i":{"x":[0],"y":[1]},"o":{"x":[0],"y":[0]},"n":["0_1_0_0"],"t":42,"s":[99.5],"e":[0]},{"t":50.4000020528341}],"ix":1},"e":{"a":1,"k":[{"i":{"x":[0],"y":[1]},"o":{"x":[0.333],"y":[0]},"n":["0_1_0p333_0"],"t":21,"s":[0],"e":[100]},{"t":42.0000017106951}],"ix":2},"o":{"a":0,"k":0,"ix":3},"m":1,"ix":2,"nm":"Trim Paths 1","mn":"ADBE Vector Filter - Trim","hd":false},{"ty":"st","c":{"a":0,"k":[0,0,0,1],"ix":3},"o":{"a":0,"k":100,"ix":4},"w":{"a":0,"k":120,"ix":5},"lc":2,"lj":2,"nm":"Stroke 1","mn":"ADBE Vector Graphic - Stroke","hd":false},{"ty":"tr","p":{"a":0,"k":[961.029,546.448],"ix":2},"a":{"a":0,"k":[0,0],"ix":1},"s":{"a":0,"k":[100,100],"ix":3},"r":{"a":0,"k":0,"ix":6},"o":{"a":0,"k":100,"ix":7},"sk":{"a":0,"k":0,"ix":4},"sa":{"a":0,"k":0,"ix":5},"nm":"Transform"}],"nm":"Group 1","np":3,"cix":2,"ix":1,"mn":"ADBE Vector Group","hd":false}],"ip":21.0000008553475,"op":52.0000021180034,"st":21.0000008553475,"bm":0},{"ddd":0,"ind":3,"ty":4,"nm":"J Outlines","sr":0.7,"ks":{"o":{"a":0,"k":100,"ix":11},"r":{"a":0,"k":0,"ix":10},"p":{"a":0,"k":[960,540,0],"ix":2},"a":{"a":0,"k":[960,540,0],"ix":1},"s":{"a":0,"k":[100,100,100],"ix":6}},"ao":0,"shapes":[{"ty":"gr","it":[{"ind":0,"ty":"sh","ix":1,"ks":{"a":0,"k":{"i":[[0,0],[-30.653,-22.702],[-48.152,42.856],[1.735,43.996],[0,73.549],[0.003,0.274]],"o":[[-0.578,41.026],[51.087,37.838],[22.206,-19.763],[-4.622,-117.234],[0,-0.273],[0,0]],"v":[[-133.866,108.201],[-88.68,216.623],[94.186,207.589],[132.709,96],[127.041,-253.64],[127.041,-254.461]],"c":false},"ix":2},"nm":"Path 1","mn":"ADBE Vector Shape - Group","hd":false},{"ty":"tm","s":{"a":1,"k":[{"i":{"x":[0],"y":[1]},"o":{"x":[0],"y":[0]},"n":["0_1_0_0"],"t":21,"s":[0],"e":[99.5]},{"i":{"x":[0],"y":[1]},"o":{"x":[0],"y":[0]},"n":["0_1_0_0"],"t":42,"s":[99.5],"e":[0]},{"t":50.4000020528341}],"ix":1},"e":{"a":1,"k":[{"i":{"x":[0],"y":[1]},"o":{"x":[0],"y":[0]},"n":["0_1_0_0"],"t":21,"s":[0],"e":[100]},{"i":{"x":[0],"y":[1]},"o":{"x":[0],"y":[0]},"n":["0_1_0_0"],"t":42,"s":[100],"e":[8]},{"t":50.4000020528341}],"ix":2},"o":{"a":0,"k":0,"ix":3},"m":1,"ix":2,"nm":"Trim Paths 1","mn":"ADBE Vector Filter - Trim","hd":false},{"ty":"st","c":{"a":0,"k":[0,0,0,1],"ix":3},"o":{"a":0,"k":100,"ix":4},"w":{"a":0,"k":120,"ix":5},"lc":2,"lj":2,"nm":"Stroke 1","mn":"ADBE Vector Graphic - Stroke","hd":false},{"ty":"tr","p":{"a":0,"k":[961.029,546.448],"ix":2},"a":{"a":0,"k":[0,0],"ix":1},"s":{"a":0,"k":[100,100],"ix":3},"r":{"a":0,"k":0,"ix":6},"o":{"a":0,"k":100,"ix":7},"sk":{"a":0,"k":0,"ix":4},"sa":{"a":0,"k":0,"ix":5},"nm":"Transform"}],"nm":"Group 1","np":3,"cix":2,"ix":1,"mn":"ADBE Vector Group","hd":false}],"ip":21.0000008553475,"op":52.0000021180034,"st":21.0000008553475,"bm":0}]},{"id":"comp_2","layers":[{"ddd":0,"ind":1,"ty":4,"nm":"Shape Layer 1","sr":1,"ks":{"o":{"a":0,"k":100,"ix":11},"r":{"a":0,"k":0,"ix":10},"p":{"a":0,"k":[960,540,0],"ix":2},"a":{"a":0,"k":[0,0,0],"ix":1},"s":{"a":0,"k":[100,100,100],"ix":6}},"ao":0,"shapes":[{"ty":"gr","it":[{"d":1,"ty":"el","s":{"a":1,"k":[{"i":{"x":[0,0],"y":[1.003,1.003]},"o":{"x":[0.187,0.187],"y":[1.062,1.062]},"n":["0_1p003_0p187_1p062","0_1p003_0p187_1p062"],"t":0,"s":[0,0],"e":[80,80]},{"i":{"x":[0,0],"y":[1,1]},"o":{"x":[0.333,0.333],"y":[0,0]},"n":["0_1_0p333_0","0_1_0p333_0"],"t":15,"s":[80,80],"e":[80,80]},{"t":30.0000012219251}],"ix":2},"p":{"a":1,"k":[{"i":{"x":0,"y":1},"o":{"x":0.333,"y":0},"n":"0_1_0p333_0","t":15,"s":[0,0],"e":[-173.9,-94.7],"to":[-28.9833335876465,-15.7833337783813],"ti":[28.9833335876465,15.7833337783813]},{"t":30.0000012219251}],"ix":3},"nm":"Ellipse Path 1","mn":"ADBE Vector Shape - Ellipse","hd":false},{"d":1,"ty":"el","s":{"a":1,"k":[{"i":{"x":[0,0],"y":[1.003,1.003]},"o":{"x":[0.187,0.187],"y":[1.062,1.062]},"n":["0_1p003_0p187_1p062","0_1p003_0p187_1p062"],"t":0,"s":[0,0],"e":[80,80]},{"i":{"x":[0,0],"y":[1,1]},"o":{"x":[0.333,0.333],"y":[0,0]},"n":["0_1_0p333_0","0_1_0p333_0"],"t":15,"s":[80,80],"e":[80,80]},{"t":30.0000012219251}],"ix":2},"p":{"a":1,"k":[{"i":{"x":0,"y":1},"o":{"x":0.333,"y":0},"n":"0_1_0p333_0","t":15,"s":[0,0],"e":[168.3,164.1],"to":[28.0499992370605,27.3500003814697],"ti":[-28.0499992370605,-27.3500003814697]},{"t":30.0000012219251}],"ix":3},"nm":"Ellipse Path 2","mn":"ADBE Vector Shape - Ellipse","hd":false},{"ty":"fl","c":{"a":0,"k":[0.925490196078,0,0,1],"ix":4},"o":{"a":0,"k":100,"ix":5},"r":1,"nm":"Fill 1","mn":"ADBE Vector Graphic - Fill","hd":false},{"ty":"tr","p":{"a":0,"k":[0,0],"ix":2},"a":{"a":0,"k":[0,0],"ix":1},"s":{"a":0,"k":[100,100],"ix":3},"r":{"a":0,"k":0,"ix":6},"o":{"a":0,"k":100,"ix":7},"sk":{"a":0,"k":0,"ix":4},"sa":{"a":0,"k":0,"ix":5},"nm":"Transform"}],"nm":"Ellipse 1","np":3,"cix":2,"ix":1,"mn":"ADBE Vector Group","hd":false}],"ip":0,"op":31.0000012626559,"st":0,"bm":0},{"ddd":0,"ind":2,"ty":4,"nm":"r path 2 Outlines","sr":0.4,"ks":{"o":{"a":0,"k":100,"ix":11},"r":{"a":0,"k":0,"ix":10},"p":{"a":0,"k":[965,631.5,0],"ix":2},"a":{"a":0,"k":[227,382.5,0],"ix":1},"s":{"a":0,"k":[100,100,100],"ix":6}},"ao":0,"shapes":[{"ty":"gr","it":[{"ind":0,"ty":"sh","ix":1,"ks":{"a":0,"k":{"i":[[0,0],[95.308,0],[0,95.31],[0,0],[0,0],[0,0],[23.918,-132.003],[51.026,0],[0,0]],"o":[[0,95.31],[-95.309,0],[0,0],[0,0],[0,0],[51.026,0],[-9.528,52.584],[0,0],[0,0]],"v":[[168.791,159.834],[-3.782,332.406],[-176.354,159.834],[-176.354,-286.886],[-176.354,-332.406],[51.363,-332.406],[152.437,-169.551],[51.363,-77.799],[-175.139,-76.584]],"c":false},"ix":2},"nm":"Path 1","mn":"ADBE Vector Shape - Group","hd":false},{"ty":"tm","s":{"a":1,"k":[{"i":{"x":[0],"y":[1]},"o":{"x":[0.333],"y":[0]},"n":["0_1_0p333_0"],"t":30,"s":[0],"e":[29]},{"t":53.0000021587343}],"ix":1},"e":{"a":1,"k":[{"i":{"x":[0],"y":[1]},"o":{"x":[0.333],"y":[0]},"n":["0_1_0p333_0"],"t":30,"s":[0],"e":[100]},{"t":53.0000021587343}],"ix":2},"o":{"a":0,"k":0,"ix":3},"m":1,"ix":2,"nm":"Trim Paths 1","mn":"ADBE Vector Filter - Trim","hd":false},{"ty":"st","c":{"a":0,"k":[0,0,0,1],"ix":3},"o":{"a":0,"k":100,"ix":4},"w":{"a":0,"k":120,"ix":5},"lc":2,"lj":2,"nm":"Stroke 1","mn":"ADBE Vector Graphic - Stroke","hd":false},{"ty":"tr","p":{"a":0,"k":[225.282,382.5],"ix":2},"a":{"a":0,"k":[0,0],"ix":1},"s":{"a":0,"k":[100,100],"ix":3},"r":{"a":0,"k":0,"ix":6},"o":{"a":0,"k":100,"ix":7},"sk":{"a":0,"k":0,"ix":4},"sa":{"a":0,"k":0,"ix":5},"nm":"Transform"}],"nm":"Group 1","np":3,"cix":2,"ix":1,"mn":"ADBE Vector Group","hd":false}],"ip":30.0000012219251,"op":58.0000023623884,"st":30.0000012219251,"bm":0},{"ddd":0,"ind":3,"ty":4,"nm":"r path 1 Outlines","sr":0.4,"ks":{"o":{"a":0,"k":100,"ix":11},"r":{"a":0,"k":0,"ix":10},"p":{"a":0,"k":[961.5,589,0],"ix":2},"a":{"a":0,"k":[223.5,252,0],"ix":1},"s":{"a":0,"k":[100,100,100],"ix":6}},"ao":0,"shapes":[{"ty":"gr","it":[{"ind":0,"ty":"sh","ix":1,"ks":{"a":0,"k":{"i":[[0,0],[0,0],[0,0],[-14.273,-83.042],[-32.438,-41.521]],"o":[[0,0],[0,0],[0,0],[13.642,79.377],[0,0]],"v":[[-172.573,-201.693],[-171.357,-33.826],[48.203,-34.462],[128.456,61.559],[172.573,201.693]],"c":false},"ix":2},"nm":"Path 1","mn":"ADBE Vector Shape - Group","hd":false},{"ty":"st","c":{"a":0,"k":[0,0,0,1],"ix":3},"o":{"a":0,"k":100,"ix":4},"w":{"a":0,"k":120,"ix":5},"lc":2,"lj":1,"ml":10,"nm":"Stroke 1","mn":"ADBE Vector Graphic - Stroke","hd":false},{"ty":"tm","s":{"a":1,"k":[{"i":{"x":[0.667],"y":[1]},"o":{"x":[1],"y":[0]},"n":["0p667_1_1_0"],"t":29,"s":[23],"e":[1]},{"i":{"x":[0.707],"y":[0.761]},"o":{"x":[0.379],"y":[0]},"n":["0p707_0p761_0p379_0"],"t":30,"s":[1],"e":[19.98]},{"i":{"x":[0.638],"y":[1]},"o":{"x":[0.414],"y":[0.261]},"n":["0p638_1_0p414_0p261"],"t":35.2,"s":[19.98],"e":[37]},{"i":{"x":[0.667],"y":[1]},"o":{"x":[1],"y":[0]},"n":["0p667_1_1_0"],"t":38.8,"s":[37],"e":[54]},{"i":{"x":[0.667],"y":[1]},"o":{"x":[0.514],"y":[0]},"n":["0p667_1_0p514_0"],"t":40,"s":[54],"e":[100]},{"t":53.0000021587343}],"ix":1},"e":{"a":1,"k":[{"i":{"x":[0.667],"y":[1]},"o":{"x":[1],"y":[0]},"n":["0p667_1_1_0"],"t":29,"s":[24],"e":[5]},{"i":{"x":[0.667],"y":[1]},"o":{"x":[0.493],"y":[0]},"n":["0p667_1_0p493_0"],"t":30,"s":[5],"e":[25]},{"i":{"x":[0.667],"y":[1]},"o":{"x":[1],"y":[0]},"n":["0p667_1_1_0"],"t":38.8,"s":[25],"e":[26]},{"t":40.0000016292334}],"ix":2},"o":{"a":0,"k":0,"ix":3},"m":1,"ix":3,"nm":"Trim Paths 1","mn":"ADBE Vector Filter - Trim","hd":false},{"ty":"tr","p":{"a":0,"k":[221.5,251.742],"ix":2},"a":{"a":0,"k":[0,0],"ix":1},"s":{"a":0,"k":[100,100],"ix":3},"r":{"a":0,"k":0,"ix":6},"o":{"a":0,"k":100,"ix":7},"sk":{"a":0,"k":0,"ix":4},"sa":{"a":0,"k":0,"ix":5},"nm":"Transform"}],"nm":"Group 1","np":3,"cix":2,"ix":1,"mn":"ADBE Vector Group","hd":false}],"ip":30.0000012219251,"op":58.0000023623884,"st":30.0000012219251,"bm":0}]},{"id":"comp_3","layers":[{"ddd":0,"ind":1,"ty":0,"nm":"littleExplotion","refId":"comp_4","sr":1,"ks":{"o":{"a":0,"k":100,"ix":11},"r":{"a":0,"k":0,"ix":10},"p":{"a":0,"k":[500,366,0],"ix":2},"a":{"a":0,"k":[640,512,0],"ix":1},"s":{"a":0,"k":[100,100,100],"ix":6}},"ao":0,"w":1280,"h":1024,"ip":33.0000013441176,"op":63.0000025660426,"st":33.0000013441176,"bm":0},{"ddd":0,"ind":2,"ty":0,"nm":"littleExplotion","refId":"comp_4","sr":1,"ks":{"o":{"a":0,"k":100,"ix":11},"r":{"a":0,"k":0,"ix":10},"p":{"a":0,"k":[498,238,0],"ix":2},"a":{"a":0,"k":[640,512,0],"ix":1},"s":{"a":0,"k":[100,100,100],"ix":6}},"ao":0,"w":1280,"h":1024,"ip":28.0000011404634,"op":58.0000023623884,"st":28.0000011404634,"bm":0},{"ddd":0,"ind":3,"ty":0,"nm":"littleExplotion","refId":"comp_4","sr":1,"ks":{"o":{"a":0,"k":100,"ix":11},"r":{"a":0,"k":0,"ix":10},"p":{"a":0,"k":[644.006,238,0],"ix":2},"a":{"a":0,"k":[640,512,0],"ix":1},"s":{"a":0,"k":[100,100,100],"ix":6}},"ao":0,"w":1280,"h":1024,"ip":23.0000009368092,"op":53.0000021587343,"st":23.0000009368092,"bm":0},{"ddd":0,"ind":4,"ty":0,"nm":"littleExplotion","refId":"comp_4","sr":1,"ks":{"o":{"a":0,"k":100,"ix":11},"r":{"a":0,"k":0,"ix":10},"p":{"a":0,"k":[783.994,223.006,0],"ix":2},"a":{"a":0,"k":[640,512,0],"ix":1},"s":{"a":0,"k":[100,100,100],"ix":6}},"ao":0,"w":1280,"h":1024,"ip":18.000000733155,"op":48.0000019550801,"st":18.000000733155,"bm":0},{"ddd":0,"ind":5,"ty":0,"nm":"littleExplotion","refId":"comp_4","sr":1,"ks":{"o":{"a":0,"k":100,"ix":11},"r":{"a":0,"k":0,"ix":10},"p":{"a":0,"k":[783.849,378,0],"ix":2},"a":{"a":0,"k":[640,512,0],"ix":1},"s":{"a":0,"k":[100,100,100],"ix":6}},"ao":0,"w":1280,"h":1024,"ip":13.0000005295009,"op":43.0000017514259,"st":13.0000005295009,"bm":0},{"ddd":0,"ind":6,"ty":0,"nm":"littleExplotion","refId":"comp_4","sr":1,"ks":{"o":{"a":0,"k":100,"ix":11},"r":{"a":0,"k":0,"ix":10},"p":{"a":0,"k":[778,512,0],"ix":2},"a":{"a":0,"k":[640,512,0],"ix":1},"s":{"a":0,"k":[100,100,100],"ix":6}},"ao":0,"w":1280,"h":1024,"ip":8.00000032584668,"op":38.0000015477717,"st":8.00000032584668,"bm":0},{"ddd":0,"ind":7,"ty":0,"nm":"littleExplotion","refId":"comp_4","sr":1,"ks":{"o":{"a":0,"k":100,"ix":11},"r":{"a":0,"k":0,"ix":10},"p":{"a":0,"k":[644.006,522,0],"ix":2},"a":{"a":0,"k":[640,512,0],"ix":1},"s":{"a":0,"k":[100,100,100],"ix":6}},"ao":0,"w":1280,"h":1024,"ip":3.00000012219251,"op":33.0000013441176,"st":3.00000012219251,"bm":0},{"ddd":0,"ind":8,"ty":0,"nm":"cuadritoRojo","refId":"comp_6","sr":1,"ks":{"o":{"a":0,"k":100,"ix":11},"r":{"a":0,"k":0,"ix":10},"p":{"a":0,"k":[642,512,0],"ix":2},"a":{"a":0,"k":[640,512,0],"ix":1},"s":{"a":0,"k":[100,100,100],"ix":6}},"ao":0,"w":1280,"h":1024,"ip":5.00000020365417,"op":905.000036861406,"st":5.00000020365417,"bm":0},{"ddd":0,"ind":9,"ty":0,"nm":"cuadritoRojo","refId":"comp_6","sr":1,"ks":{"o":{"a":0,"k":100,"ix":11},"r":{"a":0,"k":0,"ix":10},"p":{"a":0,"k":[780,512,0],"ix":2},"a":{"a":0,"k":[640,512,0],"ix":1},"s":{"a":0,"k":[100,100,100],"ix":6}},"ao":0,"w":1280,"h":1024,"ip":10.0000004073083,"op":910.00003706506,"st":10.0000004073083,"bm":0},{"ddd":0,"ind":10,"ty":0,"nm":"cuadritoRojo","refId":"comp_6","sr":1,"ks":{"o":{"a":0,"k":100,"ix":11},"r":{"a":0,"k":0,"ix":10},"p":{"a":0,"k":[780,374,0],"ix":2},"a":{"a":0,"k":[640,512,0],"ix":1},"s":{"a":0,"k":[100,100,100],"ix":6}},"ao":0,"w":1280,"h":1024,"ip":15.0000006109625,"op":915.000037268714,"st":15.0000006109625,"bm":0},{"ddd":0,"ind":11,"ty":0,"nm":"cuadritoRojo","refId":"comp_6","sr":1,"ks":{"o":{"a":0,"k":100,"ix":11},"r":{"a":0,"k":0,"ix":10},"p":{"a":0,"k":[780,235,0],"ix":2},"a":{"a":0,"k":[640,512,0],"ix":1},"s":{"a":0,"k":[100,100,100],"ix":6}},"ao":0,"w":1280,"h":1024,"ip":20.0000008146167,"op":920.000037472368,"st":20.0000008146167,"bm":0},{"ddd":0,"ind":12,"ty":0,"nm":"cuadritoRojo","refId":"comp_6","sr":1,"ks":{"o":{"a":0,"k":100,"ix":11},"r":{"a":0,"k":0,"ix":10},"p":{"a":0,"k":[640.6,235,0],"ix":2},"a":{"a":0,"k":[640,512,0],"ix":1},"s":{"a":0,"k":[100,100,100],"ix":6}},"ao":0,"w":1280,"h":1024,"ip":25.0000010182709,"op":925.000037676022,"st":25.0000010182709,"bm":0},{"ddd":0,"ind":13,"ty":0,"nm":"cuadritoRojo","refId":"comp_6","sr":1,"ks":{"o":{"a":0,"k":100,"ix":11},"r":{"a":0,"k":0,"ix":10},"p":{"a":0,"k":[502.5,235,0],"ix":2},"a":{"a":0,"k":[640,512,0],"ix":1},"s":{"a":0,"k":[100,100,100],"ix":6}},"ao":0,"w":1280,"h":1024,"ip":30.0000012219251,"op":930.000037879677,"st":30.0000012219251,"bm":0},{"ddd":0,"ind":14,"ty":0,"nm":"cuadritoRojo","refId":"comp_6","sr":1,"ks":{"o":{"a":0,"k":100,"ix":11},"r":{"a":0,"k":0,"ix":10},"p":{"a":0,"k":[502,373.5,0],"ix":2},"a":{"a":0,"k":[640,512,0],"ix":1},"s":{"a":0,"k":[100,100,100],"ix":6}},"ao":0,"w":1280,"h":1024,"ip":35.0000014255792,"op":935.000038083331,"st":35.0000014255792,"bm":0}]},{"id":"comp_4","layers":[{"ddd":0,"ind":1,"ty":0,"nm":"Explosion 01","refId":"comp_5","sr":1,"ks":{"o":{"a":0,"k":100,"ix":11},"r":{"a":0,"k":0,"ix":10},"p":{"a":0,"k":[562,572,0],"ix":2},"a":{"a":0,"k":[120,168,0],"ix":1},"s":{"a":0,"k":[100,100,100],"ix":6}},"ao":0,"w":240,"h":336,"ip":0,"op":26.0000010590017,"st":0,"bm":0}]},{"id":"comp_5","layers":[{"ddd":0,"ind":1,"ty":4,"nm":"Explosion 01 / 1","sr":1,"ks":{"o":{"a":1,"k":[{"i":{"x":[0.667],"y":[1]},"o":{"x":[0.333],"y":[0]},"n":["0p667_1_0p333_0"],"t":5,"s":[100],"e":[2]},{"t":26.5787510825747}],"ix":11},"r":{"a":0,"k":0,"ix":10},"p":{"a":0,"k":[115.224,225.284,0],"ix":2},"a":{"a":0,"k":[93.512,-48.334,0],"ix":1},"s":{"a":1,"k":[{"i":{"x":[0,0,0.833],"y":[1,1,1]},"o":{"x":[1,1,0.167],"y":[0,0,0]},"n":["0_1_1_0","0_1_1_0","0p833_1_0p167_0"],"t":5,"s":[0,0,100],"e":[66.667,66.667,100]},{"t":22.9825009360964}],"ix":6}},"ao":0,"shapes":[{"ty":"gr","it":[{"d":1,"ty":"el","s":{"a":0,"k":[358.453,358.453],"ix":2},"p":{"a":0,"k":[0,0],"ix":3},"nm":"Ellipse Path 1","mn":"ADBE Vector Shape - Ellipse","hd":false},{"ty":"fl","c":{"a":0,"k":[0.498039215803,0.498039215803,0.411764711142,1],"ix":4},"o":{"a":0,"k":100,"ix":5},"r":1,"nm":"Fill 1","mn":"ADBE Vector Graphic - Fill","hd":false},{"ty":"tr","p":{"a":0,"k":[93.512,-48.334],"ix":2},"a":{"a":0,"k":[0,0],"ix":1},"s":{"a":0,"k":[64.696,64.696],"ix":3},"r":{"a":0,"k":0,"ix":6},"o":{"a":0,"k":100,"ix":7},"sk":{"a":0,"k":0,"ix":4},"sa":{"a":0,"k":0,"ix":5},"nm":"Transform"}],"nm":"Ellipse 1","np":3,"cix":2,"ix":1,"mn":"ADBE Vector Group","hd":false}],"ip":4.79500019530435,"op":26.3737510742249,"st":4.79500019530435,"bm":0},{"ddd":0,"ind":2,"ty":4,"nm":"Explosion 01 / 2","sr":1,"ks":{"o":{"a":1,"k":[{"i":{"x":[0.667],"y":[1]},"o":{"x":[0.333],"y":[0]},"n":["0p667_1_0p333_0"],"t":2,"s":[100],"e":[2]},{"t":23.5787509603822}],"ix":11},"r":{"a":0,"k":0,"ix":10},"p":{"a":0,"k":[199.891,139.284,0],"ix":2},"a":{"a":0,"k":[93.512,-48.334,0],"ix":1},"s":{"a":1,"k":[{"i":{"x":[0,0,0.833],"y":[1,1,1]},"o":{"x":[1,1,0.167],"y":[0,0,0]},"n":["0_1_1_0","0_1_1_0","0p833_1_0p167_0"],"t":2,"s":[0,0,100],"e":[66.667,66.667,100]},{"t":19.9825008139039}],"ix":6}},"ao":0,"shapes":[{"ty":"gr","it":[{"d":1,"ty":"el","s":{"a":0,"k":[358.453,358.453],"ix":2},"p":{"a":0,"k":[0,0],"ix":3},"nm":"Ellipse Path 1","mn":"ADBE Vector Shape - Ellipse","hd":false},{"ty":"fl","c":{"a":0,"k":[0.282352954149,0.388235300779,0.317647069693,1],"ix":4},"o":{"a":0,"k":100,"ix":5},"r":1,"nm":"Fill 1","mn":"ADBE Vector Graphic - Fill","hd":false},{"ty":"tr","p":{"a":0,"k":[93.512,-48.334],"ix":2},"a":{"a":0,"k":[0,0],"ix":1},"s":{"a":0,"k":[20.652,20.652],"ix":3},"r":{"a":0,"k":0,"ix":6},"o":{"a":0,"k":100,"ix":7},"sk":{"a":0,"k":0,"ix":4},"sa":{"a":0,"k":0,"ix":5},"nm":"Transform"}],"nm":"Ellipse 2","np":3,"cix":2,"ix":1,"mn":"ADBE Vector Group","hd":false}],"ip":2.39750009765218,"op":23.9762509765727,"st":2.39750009765218,"bm":0},{"ddd":0,"ind":3,"ty":4,"nm":"Explosion 01 / 3","sr":1,"ks":{"o":{"a":1,"k":[{"i":{"x":[0.667],"y":[1]},"o":{"x":[0.333],"y":[0]},"n":["0p667_1_0p333_0"],"t":1,"s":[100],"e":[2]},{"t":22.5787509196513}],"ix":11},"r":{"a":0,"k":0,"ix":10},"p":{"a":0,"k":[64,91.333,0],"ix":2},"a":{"a":0,"k":[29.227,21.227,0],"ix":1},"s":{"a":1,"k":[{"i":{"x":[0,0,0.833],"y":[1,1,1]},"o":{"x":[1,1,0.167],"y":[0,0,0]},"n":["0_1_1_0","0_1_1_0","0p833_1_0p167_0"],"t":1,"s":[0,0,100],"e":[66.667,66.667,100]},{"t":18.9825007731731}],"ix":6}},"ao":0,"shapes":[{"ty":"gr","it":[{"d":1,"ty":"el","s":{"a":0,"k":[358.453,358.453],"ix":2},"p":{"a":0,"k":[0,0],"ix":3},"nm":"Ellipse Path 1","mn":"ADBE Vector Shape - Ellipse","hd":false},{"ty":"fl","c":{"a":0,"k":[0.698039233685,0.180392161012,0.180392161012,1],"ix":4},"o":{"a":0,"k":100,"ix":5},"r":1,"nm":"Fill 1","mn":"ADBE Vector Graphic - Fill","hd":false},{"ty":"tr","p":{"a":0,"k":[29.227,21.227],"ix":2},"a":{"a":0,"k":[0,0],"ix":1},"s":{"a":0,"k":[48.143,48.143],"ix":3},"r":{"a":0,"k":0,"ix":6},"o":{"a":0,"k":100,"ix":7},"sk":{"a":0,"k":0,"ix":4},"sa":{"a":0,"k":0,"ix":5},"nm":"Transform"}],"nm":"Ellipse 1","np":3,"cix":2,"ix":1,"mn":"ADBE Vector Group","hd":false}],"ip":1.19875004882609,"op":22.7775009277466,"st":1.19875004882609,"bm":0},{"ddd":0,"ind":4,"ty":4,"nm":"Explosion 01 / 4","sr":1,"ks":{"o":{"a":1,"k":[{"i":{"x":[0.667],"y":[1]},"o":{"x":[0.333],"y":[0]},"n":["0p667_1_0p333_0"],"t":0,"s":[100],"e":[2]},{"t":21.5787508789205}],"ix":11},"r":{"a":0,"k":0,"ix":10},"p":{"a":0,"k":[120,172,0],"ix":2},"a":{"a":0,"k":[29.227,21.227,0],"ix":1},"s":{"a":1,"k":[{"i":{"x":[0,0,0.833],"y":[1,1,1]},"o":{"x":[1,1,0.167],"y":[0,0,0]},"n":["0_1_1_0","0_1_1_0","0p833_1_0p167_0"],"t":0,"s":[0,0,100],"e":[66.667,66.667,100]},{"t":17.9825007324422}],"ix":6}},"ao":0,"shapes":[{"ty":"gr","it":[{"d":1,"ty":"el","s":{"a":0,"k":[358.453,358.453],"ix":2},"p":{"a":0,"k":[0,0],"ix":3},"nm":"Ellipse Path 1","mn":"ADBE Vector Shape - Ellipse","hd":false},{"ty":"fl","c":{"a":0,"k":[0.043137256056,0.121568627656,0.141176477075,1],"ix":4},"o":{"a":0,"k":100,"ix":5},"r":1,"nm":"Fill 1","mn":"ADBE Vector Graphic - Fill","hd":false},{"ty":"tr","p":{"a":0,"k":[29.227,21.227],"ix":2},"a":{"a":0,"k":[0,0],"ix":1},"s":{"a":0,"k":[100,100],"ix":3},"r":{"a":0,"k":0,"ix":6},"o":{"a":0,"k":100,"ix":7},"sk":{"a":0,"k":0,"ix":4},"sa":{"a":0,"k":0,"ix":5},"nm":"Transform"}],"nm":"Ellipse 1","np":3,"cix":2,"ix":1,"mn":"ADBE Vector Group","hd":false}],"ip":0,"op":21.5787508789205,"st":0,"bm":0}]},{"id":"comp_6","layers":[{"ddd":0,"ind":1,"ty":4,"nm":"Cuadrado","sr":1,"ks":{"o":{"a":0,"k":100,"ix":11},"r":{"a":0,"k":0,"ix":10},"p":{"a":0,"k":[640,512,0],"ix":2},"a":{"a":0,"k":[-1.5,0.5,0],"ix":1},"s":{"a":0,"k":[100,100,100],"ix":6}},"ao":0,"shapes":[{"ty":"gr","it":[{"ind":0,"ty":"sh","ix":1,"ks":{"a":1,"k":[{"i":{"x":0.667,"y":1},"o":{"x":0.333,"y":0},"n":"0p667_1_0p333_0","t":2,"s":[{"i":[[-40.869,0],[0,-40.869],[40.869,0],[0,40.869]],"o":[[40.869,0],[0,40.869],[-40.869,0],[0,-40.869]],"v":[[-0.5,-75.5],[73.5,-1.5],[-0.5,72.5],[-74.5,-1.5]],"c":true}],"e":[{"i":[[0,0],[0,0],[0,0],[0,0]],"o":[[0,0],[0,0],[0,0],[0,0]],"v":[[73.5,-73.5],[73.5,73.5],[-73.5,73.5],[-73.5,-73.5]],"c":true}]},{"t":32.0000013033867}],"ix":2,"x":"var $bm_rt;\nfunction easeandwizz_inoutExpo(t, b, c, d) {\n    var CORRECTION = 0.000976563;\n    var v;\n    if ((t /= d / 2) < 1) {\n        v = sub(Math.pow(2, mul(10, sub(t, 1))), CORRECTION);\n    } else {\n        v = sum(sum($bm_neg(Math.pow(2, mul(-10, sub(t, 1)))), 2), CORRECTION);\n    }\n    return sum(b, mul(div(v, 2), c));\n}\nfunction easeAndWizz() {\n    var t, d, sX, eX;\n    var n = 0;\n    if (numKeys > 0) {\n        n = nearestKey(time).index;\n        if (key(n).time > time) {\n            n--;\n        }\n    }\n    try {\n        var key1 = key(n);\n        var key2 = key(sum(n, 1));\n    } catch (e) {\n        return null;\n    }\n    t = sub(time, key1.time);\n    d = sub(key2.time, key1.time);\n    sX = key1.time;\n    eX = sub(key2.time, key1.time);\n    if (time < key1.time || time > key2.time) {\n        return null;\n    } else {\n        return valueAtTime(easeandwizz_inoutExpo(t, sX, eX, d));\n    }\n}\n$bm_rt = easeAndWizz() || value;"},"nm":"Path 1","mn":"ADBE Vector Shape - Group","hd":false},{"ty":"fl","c":{"a":0,"k":[0.756862745098,0.023744714026,0.023744714026,1],"ix":4},"o":{"a":0,"k":100,"ix":5},"r":1,"nm":"Fill 1","mn":"ADBE Vector Graphic - Fill","hd":false},{"ty":"tr","p":{"a":0,"k":[-67.5,61.5],"ix":2},"a":{"a":0,"k":[0,0],"ix":1},"s":{"a":0,"k":[95.595,95.595],"ix":3},"r":{"a":0,"k":0,"ix":6},"o":{"a":0,"k":100,"ix":7},"sk":{"a":0,"k":0,"ix":4},"sa":{"a":0,"k":0,"ix":5},"nm":"Transform"}],"nm":"Rectangle 1","np":3,"cix":2,"ix":1,"mn":"ADBE Vector Group","hd":false}],"ip":0,"op":900.000036657751,"st":0,"bm":0}]}],"layers":[{"ddd":0,"ind":1,"ty":0,"nm":"O","refId":"comp_0","sr":1,"ks":{"o":{"a":0,"k":100,"ix":11},"r":{"a":0,"k":180,"ix":10},"p":{"a":0,"k":[432.778,440.5,0],"ix":2},"a":{"a":0,"k":[960,540,0],"ix":1},"s":{"a":0,"k":[13.356,13.356,100],"ix":6}},"ao":0,"tm":{"a":1,"k":[{"i":{"x":[0.833],"y":[0.833]},"o":{"x":[0.167],"y":[0.167]},"n":["0p833_0p833_0p167_0p167"],"t":43,"s":[0],"e":[1.602]},{"t":91.000003706506,"s":[1.602],"h":1}],"ix":2},"w":1920,"h":1080,"ip":43.0000017514259,"op":180.00000733155,"st":43.0000017514259,"bm":0},{"ddd":0,"ind":2,"ty":0,"nm":"J","refId":"comp_1","sr":1,"ks":{"o":{"a":0,"k":100,"ix":11},"r":{"a":0,"k":0,"ix":10},"p":{"a":0,"k":[355,441.5,0],"ix":2},"a":{"a":0,"k":[960,540,0],"ix":1},"s":{"a":0,"k":[13.356,13.356,100],"ix":6}},"ao":0,"tm":{"a":1,"k":[{"i":{"x":[0.833],"y":[0.833]},"o":{"x":[0.167],"y":[0.167]},"n":["0p833_0p833_0p167_0p167"],"t":42,"s":[0],"e":[1.702]},{"t":93.0000037879676,"s":[1.702],"h":1}],"ix":2},"w":1920,"h":1080,"ip":42.0000017106951,"op":180.00000733155,"st":42.0000017106951,"bm":0},{"ddd":0,"ind":3,"ty":0,"nm":"O","refId":"comp_0","sr":1,"ks":{"o":{"a":0,"k":100,"ix":11},"r":{"a":0,"k":0,"ix":10},"p":{"a":0,"k":[282,440.5,0],"ix":2},"a":{"a":0,"k":[960,540,0],"ix":1},"s":{"a":0,"k":[13.356,13.356,100],"ix":6}},"ao":0,"tm":{"a":1,"k":[{"i":{"x":[0.833],"y":[0.833]},"o":{"x":[0.167],"y":[0.167]},"n":["0p833_0p833_0p167_0p167"],"t":41,"s":[0],"e":[1.602]},{"t":89.0000036250443,"s":[1.602],"h":1}],"ix":2},"w":1920,"h":1080,"ip":41.0000016699642,"op":180.00000733155,"st":41.0000016699642,"bm":0},{"ddd":0,"ind":4,"ty":0,"nm":"R","refId":"comp_2","sr":1,"ks":{"o":{"a":0,"k":100,"ix":11},"r":{"a":0,"k":0,"ix":10},"p":{"a":0,"k":[206,440.5,0],"ix":2},"a":{"a":0,"k":[960,540,0],"ix":1},"s":{"a":0,"k":[13.356,13.356,100],"ix":6}},"ao":0,"tm":{"a":1,"k":[{"i":{"x":[0.833],"y":[0.833]},"o":{"x":[0.167],"y":[0.167]},"n":["0p833_0p833_0p167_0p167"],"t":40,"s":[0],"e":[1.902]},{"t":97.000003950891,"s":[1.902],"h":1}],"ix":2},"w":1920,"h":1080,"ip":40.0000016292334,"op":180.00000733155,"st":40.0000016292334,"bm":0},{"ddd":0,"ind":5,"ty":0,"nm":"CuadrosSolos","refId":"comp_3","sr":1,"ks":{"o":{"a":0,"k":100,"ix":11},"r":{"a":0,"k":0,"ix":10},"p":{"a":0,"k":[370,276.5,0],"ix":2},"a":{"a":0,"k":[640,512,0],"ix":1},"s":{"a":0,"k":[70.313,70.313,100],"ix":6}},"ao":0,"w":1280,"h":1024,"ip":0,"op":180.00000733155,"st":0,"bm":0},{"ddd":0,"ind":6,"ty":4,"nm":"Flaco/pixel Outlines","sr":1,"ks":{"o":{"a":0,"k":100,"ix":11},"r":{"a":0,"k":0,"ix":10},"p":{"a":0,"k":[321.97,526.503,0],"ix":2},"a":{"a":0,"k":[892.333,709.125,0],"ix":1},"s":{"a":1,"k":[{"i":{"x":[0.667,0.667,0.667],"y":[1,1,1]},"o":{"x":[0.333,0.333,0.333],"y":[0,0,0]},"n":["0p667_1_0p333_0","0p667_1_0p333_0","0p667_1_0p333_0"],"t":53,"s":[0,0,100],"e":[27,27,100]},{"t":75.0000030548126}],"ix":6,"x":"var $bm_rt;\nfunction easeandwizz_outBounce(t, b, c, d) {\n    if ((t /= d) < 1 / 2.75) {\n        return sum(mul(c, mul(mul(7.5625, t), t)), b);\n    } else if (t < 2 / 2.75) {\n        return sum(mul(c, sum(mul(mul(7.5625, t -= 1.5 / 2.75), t), 0.75)), b);\n    } else if (t < 2.5 / 2.75) {\n        return sum(mul(c, sum(mul(mul(7.5625, t -= 2.25 / 2.75), t), 0.9375)), b);\n    } else {\n        return sum(mul(c, sum(mul(mul(7.5625, t -= 2.625 / 2.75), t), 0.984375)), b);\n    }\n}\nfunction easeandwizz_inBounce(t, b, c, d) {\n    return sum(sub(c, easeandwizz_outBounce(sub(d, t), 0, c, d)), b);\n}\nfunction easeAndWizz() {\n    var t, d, sX, eX;\n    var n = 0;\n    if (numKeys > 0) {\n        n = nearestKey(time).index;\n        if (key(n).time > time) {\n            n--;\n        }\n    }\n    try {\n        var key1 = key(n);\n        var key2 = key(sum(n, 1));\n    } catch (e) {\n        return null;\n    }\n    t = sub(time, key1.time);\n    d = sub(key2.time, key1.time);\n    sX = key1.time;\n    eX = sub(key2.time, key1.time);\n    if (time < key1.time || time > key2.time) {\n        return null;\n    } else {\n        return valueAtTime(easeandwizz_inBounce(t, sX, eX, d));\n    }\n}\n$bm_rt = easeAndWizz() || value;"}},"ao":0,"shapes":[{"ty":"gr","it":[{"ind":0,"ty":"sh","ix":1,"ks":{"a":0,"k":{"i":[[0,0],[0,0],[0,0],[0,-17.589],[17.533,-0.079],[0,0]],"o":[[0,0],[0,0],[17.588,0],[0,17.533],[0,0],[0,0]],"v":[[-39.167,56.597],[-39.167,-56.597],[7.32,-56.597],[39.166,-24.751],[7.462,7.096],[-39.167,7.286]],"c":false},"ix":2},"nm":"Path 1","mn":"ADBE Vector Shape - Group","hd":false},{"ty":"st","c":{"a":0,"k":[0,0,0,1],"ix":3},"o":{"a":0,"k":100,"ix":4},"w":{"a":0,"k":20,"ix":5},"lc":2,"lj":2,"nm":"Stroke 1","mn":"ADBE Vector Graphic - Stroke","hd":false},{"ty":"tr","p":{"a":0,"k":[387.833,709.047],"ix":2},"a":{"a":0,"k":[0,0],"ix":1},"s":{"a":0,"k":[100,100],"ix":3},"r":{"a":0,"k":0,"ix":6},"o":{"a":0,"k":100,"ix":7},"sk":{"a":0,"k":0,"ix":4},"sa":{"a":0,"k":0,"ix":5},"nm":"Transform"}],"nm":"Group 1","np":2,"cix":2,"ix":1,"mn":"ADBE Vector Group","hd":false},{"ty":"gr","it":[{"ind":0,"ty":"sh","ix":1,"ks":{"a":0,"k":{"i":[[0,0],[0,0]],"o":[[0,0],[0,0]],"v":[[-35.833,-58.875],[35.833,58.875]],"c":false},"ix":2},"nm":"Path 1","mn":"ADBE Vector Shape - Group","hd":false},{"ty":"st","c":{"a":0,"k":[0,0,0,1],"ix":3},"o":{"a":0,"k":100,"ix":4},"w":{"a":0,"k":20,"ix":5},"lc":2,"lj":2,"nm":"Stroke 1","mn":"ADBE Vector Graphic - Stroke","hd":false},{"ty":"tr","p":{"a":0,"k":[859.167,709.125],"ix":2},"a":{"a":0,"k":[0,0],"ix":1},"s":{"a":0,"k":[100,100],"ix":3},"r":{"a":0,"k":0,"ix":6},"o":{"a":0,"k":100,"ix":7},"sk":{"a":0,"k":0,"ix":4},"sa":{"a":0,"k":0,"ix":5},"nm":"Transform"}],"nm":"Group 2","np":2,"cix":2,"ix":2,"mn":"ADBE Vector Group","hd":false},{"ty":"gr","it":[{"ind":0,"ty":"sh","ix":1,"ks":{"a":0,"k":{"i":[[0,0],[0,0]],"o":[[0,0],[0,0]],"v":[[35.833,-58.875],[-35.834,58.875]],"c":false},"ix":2},"nm":"Path 1","mn":"ADBE Vector Shape - Group","hd":false},{"ty":"st","c":{"a":0,"k":[0,0,0,1],"ix":3},"o":{"a":0,"k":100,"ix":4},"w":{"a":0,"k":20,"ix":5},"lc":2,"lj":2,"nm":"Stroke 1","mn":"ADBE Vector Graphic - Stroke","hd":false},{"ty":"tr","p":{"a":0,"k":[853.167,709.125],"ix":2},"a":{"a":0,"k":[0,0],"ix":1},"s":{"a":0,"k":[100,100],"ix":3},"r":{"a":0,"k":0,"ix":6},"o":{"a":0,"k":100,"ix":7},"sk":{"a":0,"k":0,"ix":4},"sa":{"a":0,"k":0,"ix":5},"nm":"Transform"}],"nm":"Group 3","np":2,"cix":2,"ix":3,"mn":"ADBE Vector Group","hd":false},{"ty":"gr","it":[{"ind":0,"ty":"sh","ix":1,"ks":{"a":0,"k":{"i":[[0,0],[0,0],[-5.799,0],[0,0]],"o":[[0,0],[0,5.799],[0,0],[0,0]],"v":[[-35,-57.875],[-35,49.375],[-24.5,57.875],[35,57.875]],"c":false},"ix":2},"nm":"Path 1","mn":"ADBE Vector Shape - Group","hd":false},{"ty":"st","c":{"a":0,"k":[0,0,0,1],"ix":3},"o":{"a":0,"k":100,"ix":4},"w":{"a":0,"k":20,"ix":5},"lc":2,"lj":2,"nm":"Stroke 1","mn":"ADBE Vector Graphic - Stroke","hd":false},{"ty":"tr","p":{"a":0,"k":[1401,708.125],"ix":2},"a":{"a":0,"k":[0,0],"ix":1},"s":{"a":0,"k":[100,100],"ix":3},"r":{"a":0,"k":0,"ix":6},"o":{"a":0,"k":100,"ix":7},"sk":{"a":0,"k":0,"ix":4},"sa":{"a":0,"k":0,"ix":5},"nm":"Transform"}],"nm":"Group 4","np":2,"cix":2,"ix":4,"mn":"ADBE Vector Group","hd":false},{"ty":"gr","it":[{"ind":0,"ty":"sh","ix":1,"ks":{"a":0,"k":{"i":[[0,0],[0,0]],"o":[[0,0],[0,0]],"v":[[1164.25,705],[1089.75,705]],"c":false},"ix":2},"nm":"Path 1","mn":"ADBE Vector Shape - Group","hd":false},{"ty":"st","c":{"a":0,"k":[0,0,0,1],"ix":3},"o":{"a":0,"k":100,"ix":4},"w":{"a":0,"k":20,"ix":5},"lc":2,"lj":1,"ml":10,"nm":"Stroke 1","mn":"ADBE Vector Graphic - Stroke","hd":false},{"ty":"tr","p":{"a":0,"k":[0,4],"ix":2},"a":{"a":0,"k":[0,0],"ix":1},"s":{"a":0,"k":[100,100],"ix":3},"r":{"a":0,"k":0,"ix":6},"o":{"a":0,"k":100,"ix":7},"sk":{"a":0,"k":0,"ix":4},"sa":{"a":0,"k":0,"ix":5},"nm":"Transform"}],"nm":"Group 5","np":2,"cix":2,"ix":5,"mn":"ADBE Vector Group","hd":false},{"ty":"gr","it":[{"ind":0,"ty":"sh","ix":1,"ks":{"a":0,"k":{"i":[[0,0],[0,0],[0,-6.72],[0,0],[-6.72,0],[0,0]],"o":[[0,0],[-6.72,0],[0,0],[0,6.72],[0,0],[0,0]],"v":[[40.625,-58.875],[-28.458,-58.875],[-40.625,-46.708],[-40.625,46.708],[-28.458,58.875],[40.625,58.875]],"c":false},"ix":2},"nm":"Path 1","mn":"ADBE Vector Shape - Group","hd":false},{"ty":"st","c":{"a":0,"k":[0,0,0,1],"ix":3},"o":{"a":0,"k":100,"ix":4},"w":{"a":0,"k":20,"ix":5},"lc":2,"lj":2,"nm":"Stroke 1","mn":"ADBE Vector Graphic - Stroke","hd":false},{"ty":"tr","p":{"a":0,"k":[1130.375,709.125],"ix":2},"a":{"a":0,"k":[0,0],"ix":1},"s":{"a":0,"k":[100,100],"ix":3},"r":{"a":0,"k":0,"ix":6},"o":{"a":0,"k":100,"ix":7},"sk":{"a":0,"k":0,"ix":4},"sa":{"a":0,"k":0,"ix":5},"nm":"Transform"}],"nm":"Group 6","np":2,"cix":2,"ix":6,"mn":"ADBE Vector Group","hd":false},{"ty":"gr","it":[{"ind":0,"ty":"sh","ix":1,"ks":{"a":0,"k":{"i":[[0,0],[0,0]],"o":[[0,0],[0,0]],"v":[[620.549,652.449],[620.549,765.643]],"c":false},"ix":2},"nm":"Path 1","mn":"ADBE Vector Shape - Group","hd":false},{"ty":"st","c":{"a":0,"k":[0,0,0,1],"ix":3},"o":{"a":0,"k":100,"ix":4},"w":{"a":0,"k":20,"ix":5},"lc":2,"lj":2,"nm":"Stroke 1","mn":"ADBE Vector Graphic - Stroke","hd":false},{"ty":"tr","p":{"a":0,"k":[0,0],"ix":2},"a":{"a":0,"k":[0,0],"ix":1},"s":{"a":0,"k":[100,100],"ix":3},"r":{"a":0,"k":0,"ix":6},"o":{"a":0,"k":100,"ix":7},"sk":{"a":0,"k":0,"ix":4},"sa":{"a":0,"k":0,"ix":5},"nm":"Transform"}],"nm":"Group 7","np":2,"cix":2,"ix":7,"mn":"ADBE Vector Group","hd":false}],"ip":53.0000021587343,"op":180.00000733155,"st":-6.00000024438501,"bm":0}],"markers":[]}