{
  "project_info": {
    "project_number": "548963311153",
    "firebase_url": "https://newsapp-edc74.firebaseio.com",
    "project_id": "newsapp-edc74",
    "storage_bucket": "newsapp-edc74.appspot.com"
  },
  "client": [
    {
      "client_info": {
        "mobilesdk_app_id": "1:548963311153:android:42271359a17129db",
        "android_client_info": {
          "package_name": "com.udacity.krishna.newsapp"
        }
      },
      "oauth_client": [
        {
          "client_id": "548963311153-tnjfe1n81a72dvqa7seisqacv9dua9av.apps.googleusercontent.com",
          "client_type": 3
        }
      ],
      "api_key": [
        {
          "current_key": "AIzaSyBBWzwdxwwUb3qQYV3QM5ccZjUAoSsnZGc"
        }
      ],
      "services": {
        "analytics_service": {
          "status": 1
        },
        "appinvite_service": {
          "status": 1,
          "other_platform_oauth_client": []
        },
        "ads_service": {
          "status": 2
        }
      }
    },
    {
      "client_info": {
        "mobilesdk_app_id": "1:548963311153:android:8d09a36df3e7ea8c",
        "android_client_info": {
          "package_name": "com.udacity.krishna.newsapp.ui"
        }
      },
      "oauth_client": [
        {
          "client_id": "548963311153-tnjfe1n81a72dvqa7seisqacv9dua9av.apps.googleusercontent.com",
          "client_type": 3
        }
      ],
      "api_key": [
        {
          "current_key": "AIzaSyBBWzwdxwwUb3qQYV3QM5ccZjUAoSsnZGc"
        }
      ],
      "services": {
        "analytics_service": {
          "status": 1
        },
        "appinvite_service": {
          "status": 1,
          "other_platform_oauth_client": []
        },
        "ads_service": {
          "status": 2
        }
      }
    }
  ],
  "configuration_version": "1"
}